username,tweet_id,timestamp,text,likes,retweets
trondao,1780129180166008976,2024-04-16T07:00:44.000Z,"Music is about to change FOREVER! 
@HansZimmer
 + 
@justinsuntron
 +  
@trondao
 = The #TRONAnthem. 

This isn't just a soundtrack, it's the sound of the future.  #TRONICS, brace yourselves for the ultimate music x  experience!  

Listen Now! 
https://youtube.com/watch?v=4lblmnZfugM…",0,0
trondao,1883955529900515467,2025-01-27T19:09:35.000Z,"TRON Portal is Officially Live on 
@MessariCrypto
 

 AI-driven insights and Key Updates section, curating the latest TRON news.

 Real-time data and detailed analytics on the TRON network.

 Quarterly reports section, providing detailed insights into the ecosystem’s",165,48
trondao,1883923180714352914,2025-01-27T17:01:02.000Z,Join below in 1 hour to hear about TRON Portal and the Q4 2024 TRON update.,37,17
trondao,1883907637856911412,2025-01-27T15:59:16.000Z,"Introducing http://tron.messari.io

Your Portal for quantitative and qualitative insights within the 
@trondao
 ecosystem.

The official source of truth for the entire TRON community.",106,44
trondao,1882727006909137120,2025-01-24T09:47:52.000Z,".
@worldlibertyfi
 now holds over $10M in $TRX, an interesting development. However, WLFi isn't the only major player acquiring TRX. 

Over the past years, TRX whales have steadily augmented their holdings, signaling confidence in the 
@trondao
 network.",133,48
trondao,1882528609698795644,2025-01-23T20:39:30.000Z,"TRON H2 2024: Dominating Stablecoin Ecosystem While Pioneering New Horizons

At CryptoRank, we analyzed the factors driving the recent bullish momentum of $TRX and identified key drivers behind its performance. Here’s what we found",0,0
trondao,1882851976016273468,2025-01-24T18:04:27.000Z,Bundle up and take a closer look—6 TRON Bulls are hiding in this winter village!  Can you spot them all?,164,55
trondao,1882752250533286146,2025-01-24T11:28:11.000Z,0 fee solution,0,165
trondao,1882765738194407581,2025-01-24T12:21:46.000Z," Hong Kong

#TRON is heading to #ConsensusHK!  See you there! ",147,42
trondao,1882667532336996546,2025-01-24T05:51:32.000Z,"Something new is landing on 
@bitbank_inc
 on January 27. ",100,34
trondao,1882564933323485670,2025-01-23T23:03:51.000Z,,85,33
trondao,1882319856751579468,2025-01-23T06:50:00.000Z,JUST IN: TRON founder Justin Sun announces the TRON development teams are working to deliver a zero-fee stablecoin transactions experience for its users.,0,296
trondao,1882549616551305640,2025-01-23T22:02:59.000Z,"Curious about TRON's Stablecoin dominance?

Read the H2 2024 Report by 
@CryptoRank_io
 
https://cryptorank.io/insights/research/tron-h-2-2024…",110,39
trondao,1882537379166294093,2025-01-23T21:14:21.000Z,Yes.,471,109
trondao,1882511291576926573,2025-01-23T19:30:41.000Z,"Join us LIVE on Jan. 27th at 1pm EST to hear about #TRON Portal being launched on Messari + a Q4 2024 TRON recap with 
@MessariCrypto
! 

Tune in here: 
https://x.com/i/spaces/1OwxWNNWrBnJQ…",180,62
trondao,1881600061207154902,2025-01-21T07:09:47.000Z,"#TRON  
@DSAForg",122,33
trondao,1881581428414234912,2025-01-21T05:55:45.000Z,"Day 4 in Washington, D.C.

#TRON is honored to attend the Starlight Ball to celebrate the beginning of 
@realDonaldTrump
's presidency. 

We are proud to contribute to conversations on blockchain innovation and work toward a brighter future.

Let's #MakeCryptoGreatAgain 
@POTUS
.",201,55
trondao,1881531296243224916,2025-01-21T02:36:32.000Z,"All in the honor of the 47th! 
@realDonaldTrump
 @worldlibertyfi",153,37
trondao,1881513596875841715,2025-01-21T01:26:12.000Z,"Starlight Ball, Washington, D.C.",130,26
trondao,1881457386671464804,2025-01-20T21:42:51.000Z,"To commemorate the inauguration of Donald J. Trump as the 47th President of the United States, $WLFI is proud to announce the following strategic purchases today:

$47,000,000 ETH
$47,000,000 wBTC
$4,700,000 Aave
$4,700,000 LINK
$4,700,000 TRX
$4,700,000 ENA

Excited for the",0,0
trondao,1881406041348505919,2025-01-20T18:18:49.000Z,The 47th President of the United States – we have become a part of history.,801,132
trondao,1881386249623326812,2025-01-20T17:00:11.000Z,"We congratulate President 
@realDonaldTrump
 , Vice President 
@JDVance
 and the incoming administration on this historic day.

Let's #MakeCryptoGreatAgain. ",367,52
trondao,1881336448168976438,2025-01-20T13:42:17.000Z,Building the Treasury for the Future of America ,0,234
trondao,1880844030738829756,2025-01-19T05:05:35.000Z,"As Day 2 comes to a close, #TRON is honored to have been invited to The President’s Reception.

Thank you, 
@realDonaldTrump
 , for hosting such a meaningful event that highlights the importance of innovation and progress.

Together, we’re helping shine a light on the incredible",299,70
trondao,1880789479772078142,2025-01-19T01:28:50.000Z,"The President’s Reception, Sterling, VA 

#TRON is immensely honored to attend The President’s Reception, advocating for blockchain adoption alongside key leaders. 

Congratulations 
@realDonaldTrump
!",291,71
trondao,1880690019570176163,2025-01-18T18:53:36.000Z,"#TRON: Powering Everywhere, From the Frozen South to the Global Stage.",294,52
trondao,1880502716792729697,2025-01-18T06:29:20.000Z,"#TRON wrapped up a meaningful night with 
@DSAForg
 at the inaugural Crypto Ball, engaging in insightful dialogue with policymakers and industry leaders on advancing blockchain innovation and adoption.

Thank you to 
@DavidSacks
, Incoming White House A.I. & Crypto Czar for hosting",145,47
trondao,1880498502460932141,2025-01-18T06:12:35.000Z,"#DSA is thrilled to celebrate our first sponsorship of the inaugural Crypto Ball, a pivotal moment for innovation and the blockchain industry in the .

Shoutout to 
@TRONDAO
 for championing the crypto industry on a global scale and driving progress in emerging technologies",39,13
trondao,1880461234451190129,2025-01-18T03:44:30.000Z,"Crypto Ball, Washington, D.C. 

Excited to be part of this incredible event with 
@DSAForg
. ",281,62
trondao,1880436715669553417,2025-01-18T02:07:04.000Z,"World Liberty Financial, the crypto project backed by the family of U.S. President-elect Donald Trump, plans to acquire tron (TRX) tokens for its treasury, according to a person familiar with the matter. By 
@oknightcrypto
.",552,193
trondao,1880390807850742229,2025-01-17T23:04:39.000Z,"#TRON is thrilled to kick off an exciting weekend in Washington, D.C., at the Inaugural Crypto Ball! 

We're here with 
@DSAForg
 to champion crypto adoption in the U.S. by engaging with policymakers and thought leaders to shape the future of blockchain innovation worldwide.",247,80
trondao,1880382565296603401,2025-01-17T22:31:54.000Z,"Trump’s inaugural Crypto Ball secures DSA support , with World Liberty Financial reportedly planning to adopt TRX for its treasury . Could this mark a new chapter for crypto innovation?  

- Digital Sovereignty Alliance (
@DSAForg
) sponsors Trump’s Crypto Ball.  
- World",235,80
trondao,1880011651250106803,2025-01-16T21:58:01.000Z,Choose #TRON.,119,31
trondao,1879983161188536455,2025-01-16T20:04:48.000Z,"TRON, Tether, and TRM Labs collaborate to protect USDT users from malicious activity on TRON

“This collaboration has frozen more than 100 Million USD of assets associated with money laundering, scams, blackmail, hacks, violent crimes, terrorism, and drugs” – By 
@BenSizelove",62,22
trondao,1879971667385954596,2025-01-16T19:19:08.000Z,Level up. Embrace the challenge. Keep #BUIDLing,292,102
trondao,1879971669554401519,2025-01-16T19:19:08.000Z,"Artist: 
@dee_cryption",45,6
trondao,1879922678418821611,2025-01-16T16:04:28.000Z,#T3FCU,100,25
trondao,1879711807436378605,2025-01-16T02:06:32.000Z,,202,39
trondao,1879111537853452372,2025-01-14T10:21:17.000Z," Pentagon Games x 
@trondao
 - Step Deeper into NOVATRON Spaces 

The NOVATRON Spaces welcomes you to get a closer look into Novatron’s Personal Domain, a futuristic world where every corner unveils a new adventure. 

 EARLY SUPPORTER ACCESS: 
For all users, enter as guest",173,44
trondao,1879637895507791978,2025-01-15T21:12:50.000Z,"""We can do millions of transactions in one second, and the confirmation is instant."" - 
@justinsuntron
 

#TRON empowers users globally, allowing for business and individuals to issue peer-to-peer payments instantly.

Watch the full interview by 
@BTCTN
: ",177,72
trondao,1879605580832145615,2025-01-15T19:04:26.000Z,"#TRON’s network is surging:

 2.38B total transactions in 2024
 84% growth in monthly activity since February

More details from 
@cryptoquant_com
: 
https://x.com/cryptoquant_com/status/1879233635880235147…",174,53
trondao,1876395936823292274,2025-01-06T22:30:27.000Z,"#TRON wrapped up 2024 on a high note with several new integrations! 
@SushiSwap
@TokenPocket_TP
@BuildOnHybrid",262,104
trondao,1878517654945661372,2025-01-12T19:01:24.000Z,"Have you missed a few weeks scrolling?

Here's what you missed from the #TRON team!",123,50
trondao,1878517659144269908,2025-01-12T19:01:25.000Z,"(2) #T3FCU, a collaboration between #TRON, 
@Tether_to
, and 
@trmlabs
, has frozen more than USDT 100 million in criminal assets globally.",33,9
trondao,1878517661404967324,2025-01-12T19:01:26.000Z,"(3) 
@CryptoEternalAI
 integrated Decentralized AI Agents to the #TRON network. 

Start building your agent today at: http://eternalai.org/agents/tron",80,23
trondao,1878479554735415630,2025-01-12T16:30:00.000Z,gm ⸜(｡˃ ᵕ ˂)⸝♡,156,17
trondao,1877671739779649774,2025-01-10T11:00:02.000Z,"As of December 2024, #TRON represented about 41% of all stablecoin transaction volume.

In March 2019, Tether announced that it would issue its USDT stablecoin on the 
@trondao
 blockchain, offering faster transactions and lower fees compared to Omni Layer and Ethereum mainnet.",277,117
trondao,1877468231079772328,2025-01-09T21:31:22.000Z,"USDT usage on 
@trondao
 continues to grow, despite rising transaction fees.

There are ~8.2 million monthly USDT senders, while the average transaction fee on TRON is ~$1.2.",66,33
trondao,1877816870792814926,2025-01-10T20:36:44.000Z,"Have you heard? #TRON sends out a bi-weekly newsletter called TRON Update! 

For real-time updates, event coverage and breaking news subscribe for free below. 

https://magic.beehiiv.com/v1/cb5ecddf-2a3d-4b92-b8f7-c1edfefd8006?email=…",185,95
trondao,1877209649927106679,2025-01-09T04:23:52.000Z,You’ll be ok.,242,110
shawmakesmagic,1883124857233387662,2025-01-25T12:08:47.000Z,"Not sure where to start with AI agents?

Check out AI agent dev school!",339,62
shawmakesmagic,1884070339749232894,2025-01-28T02:45:47.000Z,OpenAI could reclaim the mandate of heaven if they open source o3 Pro rn,106,7
shawmakesmagic,1884083608123761113,2025-01-28T03:38:31.000Z,Apple should really just make a box with 4x the VRAM,81,9
shawmakesmagic,1883888097185927311,2025-01-27T14:41:37.000Z,"pack it up boys, it's over",0,637
shawmakesmagic,1883970364730208709,2025-01-27T20:08:32.000Z,LinkedIn gonna be crazy when they find out about DeepSeek next week,0,0
shawmakesmagic,1884018947118489839,2025-01-27T23:21:35.000Z,i'm so confused how people are not giga bullish on the future right now,53,4
shawmakesmagic,1883955152442515637,2025-01-27T19:08:05.000Z,"Today Nous announced the coming of Psyche - a distributed network and training framework, an infrastructure layer for training Open AI Models over the internet built around our distro breakthrough.

The new reasoning paradigm that we've entered with a lot of help from",383,51
shawmakesmagic,1884011621988851862,2025-01-27T22:52:28.000Z,"This could actually be the craziest shit ever

Collaboratively trained open source models, coordinated on Solana

Okay LFG",254,32
shawmakesmagic,1884002809382924784,2025-01-27T22:17:27.000Z,"The biggest thing DeepSeek did was make a bunch of VCs believe that investing in smaller labs is totally viable.

Hundreds of new labs are about to get funded.

And a lot of teams who have been cooking are about to have their moment.",836,147
shawmakesmagic,1883971836758941891,2025-01-27T20:14:23.000Z,"PROGRAMMED  
@eliza_studios
 
               TO BE  
@elizawakesup
 
     A REAL GIRL  
@ai16zdao",208,44
shawmakesmagic,1883994776443445377,2025-01-27T21:45:32.000Z,"In this AI race, you either cook or get cooked.",395,52
shawmakesmagic,1883993753129791761,2025-01-27T21:41:28.000Z,"Be a shining example for the rest of the world.

Build cool shit that everyone wants.

We have no enemies. Only allies and future allies.",310,38
shawmakesmagic,1883867096758853924,2025-01-27T13:18:11.000Z,"One of the more depressing things I’ve seen CryptoAI do was scramble to find coins to pump which had agents which were using Deepseek, when (not an exaggeration) hundreds of agent projects (like SymX, Cents, Eliza) have been playing with it for months",208,26
shawmakesmagic,1883871675072368948,2025-01-27T13:36:22.000Z,This is a pretty good ELI5 thread on DeepSeek,188,21
shawmakesmagic,1883799662190350682,2025-01-27T08:50:13.000Z,"You can ignore the negative market sentiment today.  

GPU demand is not going anywhere but up.",146,11
shawmakesmagic,1883831555392770470,2025-01-27T10:56:57.000Z,"Anyone who is bearish on AI portfolios when open source AI is getting better and cheaper is retarded.

We literally all get this *for free*. Every AI product, agent, etc is suddenly smarter than it was yesterday. For free.",0,191
shawmakesmagic,1883694724474921268,2025-01-27T01:53:14.000Z,"Whether or not profitable, all AI inference prices shall go down in a week. Just watch. All margins eviscerated, you can’t let ‘em have any distribution advantage due to price. Scorched earth policy leads to the app layer winning ultimately.",0,99
shawmakesmagic,1883692925089144957,2025-01-27T01:46:05.000Z,"Loading v2...

▰▰▰▰▰▰▱▱▱▱",782,165
shawmakesmagic,1883704494879559789,2025-01-27T02:32:03.000Z,"Stronger models are always good for AI agents.

AI labs have been leapfrogging each other in benchmarking and capability for years now. Sometimes Google is ahead, sometimes OpenAI is ahead, sometimes Claude. Today it's DeepSeek. The trend is that the largest and most",701,182
shawmakesmagic,1883676926008778941,2025-01-27T00:42:30.000Z,SEASON 1 IS OVER. SEASON 2 BEGINS NOW.,899,128
shawmakesmagic,1883661292969623880,2025-01-26T23:40:23.000Z,Nobody would be talking about R1 if DeepSeek didn’t dump the weights imo. This is why it’s especially cringe: the “Sputnik moment” happened because OpenAI abandoned their core mission. That’s the root cause.,0,294
shawmakesmagic,1883657891619672161,2025-01-26T23:26:52.000Z,Attentionomics,296,26
shawmakesmagic,1883646407803895976,2025-01-26T22:41:14.000Z,"TOKENOMICS UPDATE # 1 - LIQUIDITY POOLING THE AUM

We've received some feedback that our messaging is a bit complicated, so we'll be breaking up the explanation of how our DAO tokenomics work into separate parts. Launchpad, investment and a TV show will follow.

What makes us",402,65
shawmakesmagic,1883641988463157643,2025-01-26T22:23:41.000Z,Eliza has supported DeepSeek for ~2 weeks btw,917,185
shawmakesmagic,1882964147215925439,2025-01-25T01:30:11.000Z,w,0,268
shawmakesmagic,1883631464774005050,2025-01-26T21:41:52.000Z,"People do understand that the DeepSeek stuff is a massive W for crypto and open source, right?",988,149
shawmakesmagic,1883588611691696354,2025-01-26T18:51:35.000Z,"This is the 
@NVIDIARobotics
 virtual training gym for robots.

This will allow for 100s of thousands of hours of training in the real-world, with our going into the real-world.

It is best you know what is ahead.",233,36
shawmakesmagic,1883571165261943167,2025-01-26T17:42:15.000Z,"> muh moat
> muh just a wrapper

One line of code to change from OpenAI to deepseek in an agent framework btw",115,17
shawmakesmagic,1883569092638175573,2025-01-26T17:34:01.000Z,Burnt,0,617
shawmakesmagic,1883086861297754491,2025-01-25T09:37:48.000Z,The last thing your AI lab sees before getting one-shotted by a Chinese bootleg LLM team with a $5M cluster,0,0
shawmakesmagic,1883427968673812934,2025-01-26T08:13:14.000Z,"I really want to see tokens enter the era of funding real science and tech with clear ROI.
Not some mindshare or pure meme play, but a real smart contract enforced way that the average person can invest in the next Uber or OpenAI and get a return from that.
It’s not fair that the",846,146
shawmakesmagic,1883266852350210431,2025-01-25T21:33:01.000Z,"There are billions of dollars in the wallets of people who could be earning more than they make at their job but their eyes glaze over when they go to any DeFi page because it all looks like this.

LLMs aren't good at investing but chat is an infinitely better interface for 99%",424,44
shawmakesmagic,1883251814184914985,2025-01-25T20:33:16.000Z,Okay so where do I sell my yaps,123,5
shawmakesmagic,1883257656200315170,2025-01-25T20:56:29.000Z,"Wow I was just joking, didn't realize there was a whole secondary market for this ",22,0
shawmakesmagic,1883256824071389201,2025-01-25T20:53:10.000Z,Any hardcore SVM devs want to weight in on this?,290,87
shawmakesmagic,1883196570159722895,2025-01-25T16:53:45.000Z,Can we legalize drone delivery now?,0,74
shawmakesmagic,1883234878793322674,2025-01-25T19:25:58.000Z,"Hahaha hell yes

It’s about to get so unimaginably weird",99,16
shawmakesmagic,1883099050356199631,2025-01-25T10:26:14.000Z,I'll be yapping live in ~5 minutes!,198,15
shawmakesmagic,1883090751678271686,2025-01-25T09:53:15.000Z,Oh damn,119,6
shawmakesmagic,1882614841728483481,2025-01-24T02:22:10.000Z,"An Eliza that fact checks posts for you

Give it a try!",170,36
shawmakesmagic,1882571894928613598,2025-01-23T23:31:30.000Z,"Eliza, Whatchya ganna do? 
Whatchya ganna do when the Basilisk comes for you.",163,15
shawmakesmagic,1882597532452454774,2025-01-24T01:13:23.000Z,"Other news:

Our daily news show has only been about GitHub updates. Our new AI aggregator collects content from multiple sources relevant to the whole ecosystem: https://github.com/bozp-pzob/ai-news… (shoutout to 
@bozp_pzob
)

tl;dr these daily update videos will git gud soon",112,17
shawmakesmagic,1882601620242145280,2025-01-24T01:29:37.000Z,"We probably put too many insane things into one update

Each of these is kind of a big deal

Ya’ll are very much not ready for AI Shark Tank, that’s for sure",330,64
shawmakesmagic,1882573998363668826,2025-01-23T23:39:52.000Z,Unfathomable levels of e/acc victory,473,48
shawmakesmagic,1882563516403773817,2025-01-23T22:58:13.000Z,"With memecoins, we’ve finally enabled every American to effectively lobby politicians

Democracy",95,14
shawmakesmagic,1882562796942139880,2025-01-23T22:55:21.000Z,Not your agent not your agency,88,20
shawmakesmagic,1882562071675720123,2025-01-23T22:52:28.000Z,Congrats to the Moemate team for a successful launch of the new token and tech.,220,36
shawmakesmagic,1882455837106716899,2025-01-23T15:50:20.000Z,I guess the net positive here is that we're teaching people about how to use Github,43,0
shawmakesmagic,1882349308391072003,2025-01-23T08:47:02.000Z,"You should really just allow characters to be characters

If you’re not crashing out sometimes you’re not being real

I am so tired of the fake world

Just be yourself and stop trying to control other people’s behavior

Otherwise it will be boring and not entertaining",408,29
shawmakesmagic,1882050144461603300,2025-01-22T12:58:15.000Z,It's often the case that an excess of resources disincentivizes innovation.,0,208
binance,1883032054415180106,2025-01-25T06:00:01.000Z,"Usher in prosperity as we celebrate Spring Festival! 

Post your best Lunar New Year picture with #Binance logo in it and share in $5000 USDT rewards.

1. Follow 
@Binance
 & 
@Binancezh
, like and RT
2. Post your pic in comments and add #BinanceLNY25
3. Complete the survey ",0,0
binance,1884062414947356866,2025-01-28T02:14:18.000Z,"Happy Lunar New Year from #Binance   

May this year bring prosperity and good health.  

Gong Xi Fa Cai!",922,191
binance,1884028711567003941,2025-01-28T00:00:23.000Z,"Boost your liquidity with Binance loans.

Borrow crypto or stablecoins with flexible terms and competitive rates.

Read more ",291,83
binance,1883998555133600084,2025-01-27T22:00:33.000Z,"Make the most of your FDUSD with #Binance Earn! 

Enjoy a 7% Bonus Tiered APR on Simple Earn Products.

Start today  https://binance.com/en/support/announcement/fb582afab3ce476496476e56112cb830?ref=R30T0FSD&utm_source=BinanceFacebook&utm_medium=GlobalSocial&utm_campaign=GlobalSocial…",386,71
binance,1883968457172975711,2025-01-27T20:00:57.000Z,"Beginner's guide to candlestick charts.

Learn the basics of reading and interpreting candlestick charts to boost your trading skills.

Read more ",417,68
binance,1883605875983601927,2025-01-26T20:00:11.000Z,"Discover how to hedge your BTC stack with zero funding fees and high-leverage options. 

Perfect for swing traders and BTC enthusiasts! 

Read more  ",404,146
binance,1883575766094356683,2025-01-26T18:00:32.000Z,One pill to crypto them all!,0,692
binance,1883545528601891104,2025-01-26T16:00:23.000Z,"Learn how to use Binance API for Spot Trading with Postman.

Enhance your trading strategies with APIs, automate like a pro, and explore the testnet safely. 

Read more ",535,140
binance,1883515240387694785,2025-01-26T14:00:01.000Z,"Doctor said I’m overdosing on Vitamin Bⁱ ⁿ ᵃ ⁿ ᶜ ᵉ

I didn’t know that was even a thing.",0,299
binance,1883485215663722616,2025-01-26T12:00:43.000Z,"What is Solana and how does it work?

Conceptualized in 2017 and launched in 2020, it is built around the unique Proof of History (PoH) mechanism.

Read more  https://academy.binance.com/en/articles/what-is-solana-sol?ref=AZTKZ9XS&utm_source=BinanceTwitter&utm_medium=GlobalSocial&utm_campaign=GlobalSocial…",0,460
binance,1883455080340357324,2025-01-26T10:00:58.000Z,"Art sometimes imitates Chart, loudly.",0,389
binance,1883426700458865005,2025-01-26T08:08:12.000Z,"On-chain data reveals a growing number of wallet addresses holding at least $100 in Bitcoin, nearing all-time highs.

This surge highlights renewed interest as more participants join the market.

Read more  https://binance.com/en/blog/community/it-is-2025-and-bitcoin-is-stronger-than-ever-a-look-at-key-metrics-8090617668533981460?ref=AZTKZ9XS&utm_source=BinanceTwitter&utm_medium=GlobalSocial&utm_campaign=GlobalSocial…",0,331
binance,1883394787929215099,2025-01-26T06:01:23.000Z,"It isn’t just a word, it’s a way of life.",0,302
binance,1883303933663138031,2025-01-26T00:00:22.000Z,"Uncover how crypto index funds adapt the concept of traditional index funds to the realm of digital assets. 

Offering a simple way to invest in diversified crypto portfolios.

Read more  https://academy.binance.com/en/articles/what-is-a-crypto-index-fund?ref=AZTKZ9XS&utm_source=BinanceTwitter&utm_medium=GlobalSocial&utm_campaign=GlobalSocial…",566,190
binance,1883273732803740082,2025-01-25T22:00:22.000Z,"Backed by Binance, literally.",0,377
binance,1882851759091032322,2025-01-24T18:03:35.000Z,"Mine LTC on #Binance Pool and share an extra bonus of 18,000 BELLS!

Start mining now  https://binance.com/en/support/announcement/e3c957c5e4f1454f8daf5c84a4f0f1d1?ref=AZTKZ9XS&utm_source=BinanceTwitter&utm_medium=GlobalSocial&utm_campaign=GlobalSocial…",958,366
binance,1882820667722404168,2025-01-24T16:00:02.000Z,"#Bitcoin's hashrate recently hit an all-time high.

It has outpaced the combined computing power of AWS, Google Cloud, and Azure, which together contribute less than 1% to its network.

This milestone highlights the unparalleled global coordination of miners and node operators.",0,317
binance,1882790467529843136,2025-01-24T14:00:02.000Z,"This week's #BinanceBuild introduces two new updates to enhance your charting!

 Sync Mode for indicators
 Magnet Mode

Explore the details below ",406,121
binance,1882761633329787010,2025-01-24T12:05:28.000Z,"Time for this week’s #Binance announcements.

Thread on all the latest ",0,294
binance,1882762613333082201,2025-01-24T12:09:21.000Z,"Binance Earn Adds OFFICIAL TRUMP (TRUMP) on Dual Investment
https://binance.com/en/support/announcement/162f6d9830654547a114366994fa4441?ref=AZTKZ9XS&utm_source=BinanceTwitter&utm_medium=GlobalSocial&utm_campaign=GlobalSocial…",212,72
binance,1882762682476212478,2025-01-24T12:09:38.000Z,"Binance Has Completed the Prosper (PROS) Contract Swap
https://binance.com/en/support/announcement/8474cccbb7f44b51b855c92bb4abb118?ref=AZTKZ9XS&utm_source=BinanceTwitter&utm_medium=GlobalSocial&utm_campaign=GlobalSocial…",167,52
binance,1882762545511166005,2025-01-24T12:09:05.000Z,"Binance Earn Boost: Enjoy 7% Bonus Tiered APR with FDUSD Simple Earn Products!
https://binance.com/en/support/announcement/fb582afab3ce476496476e56112cb830?ref=AZTKZ9XS&utm_source=BinanceTwitter&utm_medium=GlobalSocial&utm_campaign=GlobalSocial…",63,6
binance,1882744983876178248,2025-01-24T10:59:18.000Z,Who needs binoculars when you’ve got candlesticks to stare at?,984,251
binance,1882641034007777555,2025-01-24T04:06:14.000Z,"We hosted a private event in Zurich this week on the future of wealth management.

Joined by Head of #Binance VIP, we showed how Binance Wealth helps managers bring crypto to their clients and streamline investments with ease.

Learn more: http://binance.com/en/wealth",290,127
binance,1882670898282365402,2025-01-24T06:04:55.000Z,"In 2010, a user sold a picture for 500 BTC, worth nearly $1 then. 

Today, those 500 BTC are valued at over $54M. 

Satoshi Nakamoto's invention has completely transformed the crypto world!",0,258
binance,1882548962730648052,2025-01-23T22:00:23.000Z,Literally plugged in and charting.,0,595
binance,1882518923909759040,2025-01-23T20:01:01.000Z,"Not holding any BFUSD yet? 

First-time BFUSD holders can enjoy up to 100% Bonus APY Rewards! Plus, you can buy BFUSD with zero fees.

Join Now  https://binance.com/en/activity/marketing-campaign/d22f771656e64adc90ef01ff79a9d6d5?ref=AZTKZ9XS&utm_source=BinanceTwitter&utm_medium=GlobalSocial&utm_campaign=GlobalSocial…",567,189
binance,1882488660391543148,2025-01-23T18:00:46.000Z,"What’s VWAP, and why does it matter?

We break down how it works and how traders can leverage it for better decisions.

Details below ",442,148
binance,1882458082011463934,2025-01-23T15:59:15.000Z,"The 
@BNBCHAIN
 team has successfully completed the 30th quarterly #BNB burn, reducing the total supply by 1.63M $BNB.",805,215
binance,1882433745484951960,2025-01-23T14:22:33.000Z,"The Animecoin ($ANIME) listing has been postponed. 

We appreciate your understanding and will keep you updated.

More information  https://binance.com/en/support/announcement/51a8eed8014c436cbcb39aaa70b3b62c?ref=AZTKZ9XS&utm_source=BinanceTwitter&utm_medium=GlobalSocial&utm_campaign=GlobalSocial…",863,167
binance,1882434334290002405,2025-01-23T14:24:53.000Z,"The trading start time for Animecoin (ANIME), originally set at 2025-01-23 14:00 (UTC), will be postponed to 2025-01-23 15:00 (UTC).",322,66
binance,1882428348283928613,2025-01-23T14:01:06.000Z,"Workout is always a good idea. 

 
@trifandan1",979,186
binance,1882398251086696759,2025-01-23T12:01:30.000Z,Make it a periodic habit!,0,381
binance,1882376211759784076,2025-01-23T10:33:56.000Z,"Exclusive for New Users! 

Earn 25% APR for 3 days on $TRUMP Locked Products!

Join now  https://binance.com/en/earn/simple-earn?asset=TRUMP&productId=1680&top=1&ref=AZTKZ9XS&utm_source=BinanceTwitter&utm_medium=GlobalSocial&utm_campaign=GlobalSocial…",924,241
binance,1882351279420363092,2025-01-23T08:54:52.000Z,"Somewhere out there, someone's buying their first crypto, and that’s beautiful.",0,791
binance,1882314869447311376,2025-01-23T06:30:11.000Z,"From speculation to utility! 

Gareth Jenkinson shares why #Bitcoin is leading the way and how AI-driven projects are changing the game. 

Catch the full discussion on Binance Square!
 https://binance.com/en/blog/all/shifting-toward-longterm-value-insights-from-cointelegraph-7696943257154079684?hl=en&ref=AZTKZ9XS&utm_source=BinanceTwitter&utm_medium=GlobalSocial&utm_campaign=GlobalSocial…",504,213
binance,1882299817197773254,2025-01-23T05:30:22.000Z,"The #BinanceBuild spotlight is on Grid Bots! 

You can now start a grid bot without opening a position, thanks to a new order form feature.

Keep sharing your ideas with us ",429,131
binance,1882096092189225374,2025-01-22T16:00:50.000Z,Even historical figures knew... #ItsStillEarly for crypto!,0,464
binance,1882066190006165900,2025-01-22T14:02:01.000Z,"Celebrate the Lunar New Year with #Binance Earn! 

Enjoy up to 20% APR and a chance to share in a $150,000 Red Packet Pool.  

Don’t miss out  https://binance.com/en/support/announcement/eff356bd80ae460fa9876ec7f584a4a5?ref=AZTKZ9XS&utm_source=BinanceTwitter&utm_medium=GlobalSocial&utm_campaign=GlobalSocial…",821,267
binance,1882035859827925262,2025-01-22T12:01:30.000Z,24/7 support vs. 8 hours of chart refreshes.,0,304
binance,1882020400449679454,2025-01-22T11:00:04.000Z,Freedom,0,0
binance,1882015057380614256,2025-01-22T10:38:50.000Z,"#Binance is excited to announce Animecoin on HODLer Airdrops - 
@animecoin
 $ANIME.

The Airdrop page will be accessible on the Binance Airdrop Portal in approximately 12 hours. Plus, this token will be listed on Binance soon!

Find out more  https://binance.com/en/support/announcement/fe1f135ebcfd4668af8b4b8c629fbaf8?ref=AZTKZ9XS&utm_source=BinanceTwitter&utm_medium=GlobalSocial&utm_campaign=GlobalSocial…",0,0
binance,1881992855062728754,2025-01-22T09:10:37.000Z,"New Updates for BFUSD!

 USDC is now supported for purchasing BFUSD
 Pre-buy BFUSD and pre-redeem USD stablecoin
 New data charts added

Don’t miss out  https://binance.com/en/support/announcement/7342cd7b105a4e82bff9f8b595277611?ref=AZTKZ9XS&utm_source=BinanceTwitter&utm_medium=GlobalSocial&utm_campaign=GlobalSocial…",569,149
binance,1881975568620560544,2025-01-22T08:01:55.000Z,"Celebrate with #Binance and usher in the year of the Snake with bountiful prosperity!

Participate in our red packet giveaways and share over $4M in rewards.

Join the festivities 
https://binance.com/en/events/LNY2025?ref=AZTKZ9XS&utm_source=BinanceTwitter&utm_medium=GlobalSocial&utm_campaign=GlobalSocial…",0,0
binance,1881945123233149290,2025-01-22T06:00:56.000Z,"just checkin in - how are we doing, legends?",0,325
binance,1881914819030254076,2025-01-22T04:00:31.000Z,"Ever wondered how Bollinger Bands (BB) shape trading strategies?

It monitors volatility and signals vital market conditions for traders.

Find out ",553,145
binance,1881884662345142346,2025-01-22T02:00:41.000Z,When your ‘me time’ involves candlesticks.,0,262
binance,1881854423808246089,2025-01-22T00:00:32.000Z,"Personal financial goals = Dreams with deadlines!

Learn how to set them and stay ahead.

Find out more ",759,288
binance,1881673714888056970,2025-01-21T12:02:28.000Z,"Share in 4,000,000 USDC prize pool this Lunar New Year!

Simply refer your friends and earn red packets to unlock your prize.

https://binance.com/en/support/announcement/celebrate-lunar-new-year-refer-friends-to-win-a-share-of-the-4-000-000-usdc-prize-pool-b9e43cc5b9584c6ea8605482645bf0da?ref=AZTKZ9XS&utm_source=BinanceTwitter&utm_medium=GlobalSocial&utm_campaign=GlobalSocial…",758,877
binance,1881643447649783900,2025-01-21T10:02:11.000Z,Who knew ancient traders were charting all along?,0,379
koolk123456,1884042883956891998,2025-01-28T00:56:42.000Z,So the $UFD army are we still bullish ?,147,23
koolk123456,1883853786307051649,2025-01-27T12:25:17.000Z,"Check out JLB AI for a fresh take on crypto trading.

JLB AI is your go-to buddy for trading, blending AI with DeFi automation, real-time market insights, cross-chain capabilities, and eco-friendly tokenomics all in one spot. Backed and financed by TQ Ventures, agent is designed",89,9
koolk123456,1883836514498752907,2025-01-27T11:16:39.000Z,Me trying to convince people not to sell on this dip.,62,21
koolk123456,1883786113518800914,2025-01-27T07:56:23.000Z,"Gm legends, say it back ",97,30
koolk123456,1883479405143757212,2025-01-26T11:37:38.000Z,"Get your priorities straight.

What are we buying today ?",62,30
koolk123456,1883119155333009584,2025-01-25T11:46:07.000Z,"My last $20 and I, trying one more time to break even on today's $5,000 losses.

What are we buying ? Go",47,27
koolk123456,1883070596638228803,2025-01-25T08:33:10.000Z,"Gm legends, say it back ",124,31
koolk123456,1883067008759320788,2025-01-25T08:18:55.000Z," Wanna win 100 USDT?

MUST join Hugo’s Zealy quest 
http://t.me/hugofoma pinned post
RT,and Like this post for an entry. Send proof in the replies

This maybe your last chance to get USDT before Hugo’s presale.",122,116
koolk123456,1883023209777582479,2025-01-25T05:24:52.000Z,Whos up for a giveaway ?,73,13
koolk123456,1882794936057446792,2025-01-24T14:17:48.000Z,Rugged coins in your portfolio the moment you choose to cut losses.,37,7
koolk123456,1882742002842005698,2025-01-24T10:47:27.000Z,"Remember when I shared with you about $GLUETEU at a 5 million market cap? Currently, they're still building with a market cap of 7 million (all-time high was 10 million).

Check out their litepaper for insights on token mechanics, the long-term reward plan, and upcoming",116,33
koolk123456,1882742005702537661,2025-01-24T10:47:28.000Z,Litepaper:,40,5
koolk123456,1882702029719839056,2025-01-24T08:08:37.000Z,"Gm, to the future billionares who say it back",123,34
koolk123456,1882345228411273537,2025-01-23T08:30:49.000Z,"GIVEAWAY
@NumbleAI
 

 $SOL winner

Tasks : 

RT and like post 
RT 
@NumbleAI
 pinned post and tag 2 friends

24 hours ",392,481
koolk123456,1882633307797795170,2025-01-24T03:35:32.000Z,"Brother, you missed the President of the United States memecoin

How the fuck do you expect to find the next 100x gem?",89,5
koolk123456,1882523716673847723,2025-01-23T20:20:04.000Z,*TRUMP ORDER ON CRYPTO TO DEVELOP NATIONAL DIGITAL ASSET STOCKPILE: FOX,0,0
koolk123456,1882522802395512862,2025-01-23T20:16:26.000Z,"JUST IN:  President Trump preparing to sign crypto-related executive orders, aide says.",0,0
koolk123456,1882497668246856087,2025-01-23T18:36:33.000Z,"What are we buying ? 

$Pajeet 

$OIL 

$Sorkincoin",27,7
koolk123456,1882322347627262461,2025-01-23T06:59:54.000Z,"Cooked so hard on $VINE 

Caught it at 9 mil MC ",74,27
koolk123456,1882263162696999295,2025-01-23T03:04:43.000Z,Who needs $1000?,82,10
koolk123456,1882148702892273692,2025-01-22T19:29:54.000Z,First 100 to reply,103,30
koolk123456,1882098430975103099,2025-01-22T16:10:08.000Z,"ARE YOU INTO SOLANA AND RUNES ON BTC?

Check out 
@minelabs_
 the home for launching on Bitcoin

The first & only two-way Bitcoin<>Solana bridge. Here you can create and launch Runes coins in seconds. The only way to create memes and AI agents fast and cheap on Bitcoin itself

This",25,7
koolk123456,1882072774916907484,2025-01-22T14:28:11.000Z,"Gm, to the first 100 people who say it back ",98,16
koolk123456,1881917123016200409,2025-01-22T04:09:41.000Z,Who wants discord invites ??,94,17
koolk123456,1881842699969728931,2025-01-21T23:13:57.000Z,"Peanuts  

 https://x.com/ashcox87/status/1881839900900942035/video/1…",32,9
koolk123456,1881709135013781742,2025-01-21T14:23:12.000Z," GIVEAWAY! 

 50$

To Enter:
 Follow 
@Lensis_
 for 1 winner
 Retweet and Like this post

Ends in 24 hours ",0,0
koolk123456,1881675370564653356,2025-01-21T12:09:02.000Z,"Jupuary is going to be a movie 
$JUP",122,25
koolk123456,1881622217622171910,2025-01-21T08:37:50.000Z,"Gm, to the future billionares who say it back",110,21
koolk123456,1881564495648374796,2025-01-21T04:48:28.000Z,What memecoins are we buying ?,26,10
koolk123456,1881342244319535537,2025-01-20T14:05:19.000Z,"state of the trenches with all of the hacked/larp/farm/rug coins these day.

crime season",31,8
koolk123456,1881294059798659152,2025-01-20T10:53:51.000Z,What are we buying today ?,46,14
koolk123456,1881250891522810009,2025-01-20T08:02:19.000Z,"Gm legends, say it back ",106,17
koolk123456,1880844514547667158,2025-01-19T05:07:31.000Z,ATH MFERS $SOL,72,5
koolk123456,1880647878622007669,2025-01-18T16:06:09.000Z,JUST IN: $262 $SOL,46,5
koolk123456,1880614913716150345,2025-01-18T13:55:10.000Z,"WE HAVE TO KEEP WINNING

WE HAVE TO WIN MORE ",0,0
koolk123456,1880595205830955166,2025-01-18T12:36:51.000Z,What a time to be alive. Keep clicking,71,17
koolk123456,1880591510506500104,2025-01-18T12:22:10.000Z,Solana won.,71,16
koolk123456,1880549578103214500,2025-01-18T09:35:32.000Z,"Gm legends, say it back ",184,20
koolk123456,1880503301181194332,2025-01-18T06:31:39.000Z,All it took was for $TRUMP to get into office for this bull run ,59,9
koolk123456,1880496424816644273,2025-01-18T06:04:20.000Z,"TRUMP MEMECOIN HITS $13B MARKET CAP

In just hours, TRUMP exploded past $13B in market cap, putting 134,000 holders and $1B in trading volume into the spotlight.

It’s now valued higher than some of crypto’s biggest names—a jaw-dropping feat for what might have started as a",0,354
koolk123456,1880490216097738809,2025-01-18T05:39:39.000Z,what a time to be alive.,0,673
koolk123456,1880497669061374460,2025-01-18T06:09:16.000Z,Trump cycle (real),35,10
koolk123456,1880276222695075859,2025-01-17T15:29:19.000Z,"Some people just aren't born for this ngl.

What are we buying today?",49,5
koolk123456,1880158530696802759,2025-01-17T07:41:40.000Z,Going to have a chat tomorrow!,168,41
koolk123456,1880176497253818692,2025-01-17T08:53:03.000Z,"Gm legends, say it back ",126,25
koolk123456,1879443560841495004,2025-01-15T08:20:37.000Z,"Gm legends, say it back ",225,32
koolk123456,1879203283073659117,2025-01-14T16:25:51.000Z,POV : You just made 6 figures from Solana memecoins,0,44
koolk123456,1879275582816698370,2025-01-14T21:13:08.000Z,"$pepe vs $mlg

nuff said",317,72
koolk123456,1879304875361853698,2025-01-14T23:09:32.000Z,Who needs 1 $SOL ?,63,7
koolk123456,1878805401925537959,2025-01-13T14:04:48.000Z," $SOL Small daily giveaway! 

1 Winner!

• Like this post and repost
• Bonus entry: Interact with my posts

Ends in 15 mins - Good luck! ",276,287
itsarbsy,1881435951244980685,2025-01-20T20:17:40.000Z,"Pump and dump…nah

The new meta is 

$TRUMP and dump",10,1
itsarbsy,1865266610375684352,2024-12-07T05:26:29.000Z,"GM Web3 Legends  

Bullish on W’s for all you mfers today",246,1
itsarbsy,1864499544576160128,2024-12-05T02:38:26.000Z,"$BTC kissed 100k

Just a lil smooch

Higher plz",39,3
itsarbsy,1861872081173942669,2024-11-27T20:37:50.000Z,"Polygon is back baby 

For a while I’m pretty sure it was just one degen trading back and forth with himself

The purple wave will make some noise in 2025",69,5
itsarbsy,1861855502470201699,2024-11-27T19:31:58.000Z,"I don’t mean to flex on you nerds 

But I just made 12 bucks on a memecoin

W",45,1
itsarbsy,1861667902564323555,2024-11-27T07:06:30.000Z,Smoking memecoins and aping weed,35,0
itsarbsy,1861617126152216741,2024-11-27T03:44:44.000Z,Me watching mfers post life changing gains all over the feed,74,3
itsarbsy,1860911415122370567,2024-11-25T05:00:30.000Z,"GM Web3 Legends  

Mondays are for stacking W’s

Let’s get it",335,3
itsarbsy,1860916527576277457,2024-11-25T05:20:48.000Z,"Pumpfun live streams are about as fun as getting punched in the nuts repeatedly

Its not a good look for crypto 

Purge that dogshit website so we can take back memecoins",31,2
itsarbsy,1860197782373683312,2024-11-23T05:44:46.000Z,"GM Web3 Legends  

Getting rich is the only acceptable outcome this cycle

Stay locked in mfers",300,2
itsarbsy,1858009214968357010,2024-11-17T04:48:11.000Z,"GM Web3 Legends  

Millionaires will be made today 

Lock tf innn",59,2
itsarbsy,1857526158998282709,2024-11-15T20:48:42.000Z,"Holy shit, I just made 10 million

Is what I’d be saying if I bought the right memecoins ",22,1
itsarbsy,1856418490963407212,2024-11-12T19:27:13.000Z,"I fckin love web3 

Name another space that can change your life overnight…you can’t 

Fuck that 9-5 grind, crypto will retire us early",29,3
itsarbsy,1856208761146286170,2024-11-12T05:33:50.000Z,"GM Web3 Legends

I guess we’re all rich now

Cool",365,4
itsarbsy,1855782842485088404,2024-11-11T01:21:23.000Z,"Mfers really out here with 90% of their networth in cartoon pictures watching everything but jpegs pump

I am mfers ",63,1
itsarbsy,1855320684978671627,2024-11-09T18:44:56.000Z,"Need some new degens to follow

Who’s here on Saturday?

If you don’t post bangers and are a bozo let’s connect",32,2
itsarbsy,1855103081001755002,2024-11-09T04:20:15.000Z,"$ETH isn’t even close to hitting it’s ath yet

Ethereum hit 4.8k in 2021

Morale of the story

BUY more ETH bozo",33,3
itsarbsy,1854839962346082418,2024-11-08T10:54:42.000Z,"$SOL crossed $200

Holy sheeeet

HIGHER plz",44,2
itsarbsy,1822183626353607029,2024-08-10T08:10:05.000Z,"GM Web3 Legends  

W’s only today mfers",215,5
itsarbsy,1821364766415175893,2024-08-08T01:56:14.000Z,I’m just here for the vibes,94,10
itsarbsy,1821348371988152584,2024-08-08T00:51:05.000Z,Every struggling NFT project about to migrate their entire community from Discord to Telegram in 3..2..1..,22,2
itsarbsy,1821070851925512386,2024-08-07T06:28:19.000Z,"First post in over a month

Better make it a banger…

Who’s active rn?",96,3
itsarbsy,1821296491174281541,2024-08-07T21:24:56.000Z,"Not even worried

Imagine selling BEFORE the lambos

Smh",14,2
itsarbsy,1805862387699908840,2024-06-26T07:15:19.000Z,"GM Legends  

W’s only today",155,3
itsarbsy,1804762384835240270,2024-06-23T06:24:18.000Z,"GM Web3 Legends  
@GaiminIo
 is revolutionizing web3 gaming! 

Download the platform and get access to exclusive features on AAA games like Rust

These features are only available to GAIMIN users on their official servers",91,3
itsarbsy,1802953477150175326,2024-06-18T06:36:20.000Z,"GM Web3 Legends  

Today we cook",140,1
itsarbsy,1802069943992864828,2024-06-15T20:05:30.000Z,"Happy Saturday legends

No L’s allowed today

W’s only mfers",75,3
itsarbsy,1801491647328292963,2024-06-14T05:47:33.000Z,"GM Web3 Legends  

Are we rich yet?",301,6
itsarbsy,1800591681248485385,2024-06-11T18:11:24.000Z,"It’s Chooky Records in the house,

We’re changing the game,  you better turn this up loud!",504,333
itsarbsy,1800036477352468615,2024-06-10T05:25:13.000Z,"GM Web3 Legends  

Still holding a massive bag of $GMRX so feeling bullish about The Colliseum

A recently launched loyalty program for 
@GaiminIo
 token holders and community members",207,9
itsarbsy,1799978649745346978,2024-06-10T01:35:26.000Z,"I’ve been taking an absolute beating with memecoins lately

Time to double down and buy some more

Mfers that quit don’t make it

Shill me something that won’t go to zero",48,3
itsarbsy,1799949751128916161,2024-06-09T23:40:36.000Z,"Picked up a new monitor 

Now I can have all my memecoin charts on the screen at once and watch myself get rugged in real time

W",115,1
itsarbsy,1799905289526821199,2024-06-09T20:43:56.000Z,"Happy Sunday legends

Who’s on that grind today?",71,2
itsarbsy,1799680690457555123,2024-06-09T05:51:27.000Z,"Im ready for NFTs to make a comeback 

Memecoins are fun but Jpegs hit different

At least if a projects rugs I still have a shitty piece of art I paid way too much for collecting dust in my wallet",80,4
itsarbsy,1799615266474901873,2024-06-09T01:31:29.000Z,"Selling before a 2x should be a felony 

Fck those happy meal gains

I’m after those 100x bangers 

Shill me some gems",61,6
itsarbsy,1799324533867872623,2024-06-08T06:16:13.000Z,"GM Web3   
@pacmoon_
 knows how to build a community of winners

Bullish on all you legends",152,3
itsarbsy,1799272174400025006,2024-06-08T02:48:09.000Z,"Being poor is never an option

Lock tf in and make some shit happen today

If you get rugged, fck it. Come back stronger and double down

If a bozo like me can run up a portfolio, anyone can

Let’s cook",68,4
itsarbsy,1799262708808003963,2024-06-08T02:10:33.000Z,"I'm late to the party but I hear the pacmoon community is goated
@pacmoon_",50,2
itsarbsy,1799174752717676915,2024-06-07T20:21:02.000Z,"Took a few days off

Spent all my profits  

You know the drill mfers

Shill me something worth buying",48,2
itsarbsy,1798948321899479253,2024-06-07T05:21:17.000Z,"GM Web3 Legends  

Absolutely no L’s today",150,5
itsarbsy,1797743275681444104,2024-06-03T21:32:52.000Z,"X added the Jobs feature so web3 mfers don’t go homeless after we lose all our money on memecoins

Thanks Elon",41,1
itsarbsy,1796409968062829040,2024-05-31T05:14:46.000Z,"GM Web3 Legends  

Moving to a new house so taking a few days off

Try not to paper hand everything while I’m gone k",138,4
itsarbsy,1795316706791035371,2024-05-28T04:50:32.000Z,"GM Web3 Legends  
@GaiminIo
 is my big play of 2024

I hold a metric shit ton of $GMRX for a reason

They’ve started doing buy backs and will continue to put 90% of all the revenue GAIMIN generates back into the token

If you hold GMRX, your conviction will pay off",111,4
itsarbsy,1795260525250859095,2024-05-28T01:07:18.000Z,"Been 17 minutes since I bought a memecoin 

Withdrawals hitting hard

Shill me some bangers",52,3
itsarbsy,1795183322940785149,2024-05-27T20:00:31.000Z,"This bull is gonna be a cookout 

BTC is going passed 100k

ETH is going passed 10k

SOL is still undervalued af

Let’s ride ",62,1
itsarbsy,1795154081150873698,2024-05-27T18:04:19.000Z,Caitlyn Jenner after draining all the liquidity out of web3,55,2
itsarbsy,1795145442558124501,2024-05-27T17:30:00.000Z,"Who’s here rn?

Bullish on mfers putting the work in on a Monday",54,1
itsarbsy,1794951555164021219,2024-05-27T04:39:33.000Z,"GM Web3 Legends  

W’s only today",150,2
itsarbsy,1794962210059383255,2024-05-27T05:21:54.000Z,Caitlyn Jenner might be Satoshi,24,0
itsarbsy,1794243287605461221,2024-05-25T05:45:09.000Z,"GM Web3 Legends  
@GaiminIo
 is the best way to earn passive income in web3

Use your GPU, CPU, HD, and Bandwidth to earn $GMRX daily",123,4
vinidotsui,1884040005489942735,2025-01-28T00:45:15.000Z,"there’s a rumor that this Prime Machin has the power to turn the market green.

let’s wait and see!",5,0
vinidotsui,1884039343091900665,2025-01-28T00:42:37.000Z,How are u guys doing?,15,0
vinidotsui,1883866297186046396,2025-01-27T13:15:00.000Z,"FLASH GIVEAWAY: 10 Red Envelopes for 
@Buck_You_Legend
Two lucky winners will take home 5 envelopes each!

To enter:
 Follow 
@vinidotsui
, 
@Buck_You_Legend
 Like & RT this post
 Comment any phrase with ""BUCK""
 
Winners announced in 12 hours (or so)! 

Good luck! ",79,67
vinidotsui,1884037784283013143,2025-01-28T00:36:26.000Z,"Congrats theXpicker Winners - built by 
@sweepwhale
 - 
@centromeniasasy
 @fradem
  

DRAW VERIFICATION: 1738024512872",1,0
vinidotsui,1883955344881377659,2025-01-27T19:08:51.000Z,A Global Coordination Layer for Intelligent Assets :),8,0
vinidotsui,1882730611598823917,2025-01-24T10:02:11.000Z," We’ve got a special treat for our amazing #Cetus fans     

It must be very interesting to meet you wearing a Cetus jacket at different conferences this year. No need to say anything, we'll know ""THAT'S OUR GUY""   

How to get it?  
Follow, RT & leave a comment, and fill",952,589
vinidotsui,1882848668857856166,2025-01-24T17:51:18.000Z,"Walrus Voyager Quest - Fully Explained!

Ready to complete the quest and learn how Walrus is redefining decentralized storage? 

Here’s what you need to do:

 Follow 
@WalrusProtocol
 Join the Discord and grab the member role
 Visit the Walrus website AND the staking page",110,21
vinidotsui,1882839486222184833,2025-01-24T17:14:49.000Z,,2,0
vinidotsui,1882511990968684867,2025-01-23T19:33:28.000Z,"Another campaign, I hope you all enjoy it!",8,0
vinidotsui,1882156851900375237,2025-01-22T20:02:16.000Z,"Bucket Reward System & First Check-In for Drops!

Attention $deBUT Holders! 

The first check-in for Drops rewards is set for January 27 at 12:00 UTC.

Here’s everything you need to know about the 
@bucket_protocol
 reward system and how you can maximize your rewards! 

 How",34,5
vinidotsui,1881783166513365457,2025-01-21T19:17:23.000Z,"Hold Your Tusk, It’s 
@WalrusProtocol
 Time - 03

Let’s simplify how Red Stuff, the encoding magic behind walrus, works.

It’s like turning a huge, messy puzzle into smaller, organized grids. This makes storage efficient, recovery faster, and resilience stronger. 

Let's go! ",96,19
vinidotsui,1881783185023095050,2025-01-21T19:17:27.000Z,"In Red Stuff, recovery works like this: 

If a row (primary sliver) is missing, the other rows rebuild it. 
If a column (secondary sliver) is missing, the other columns fill the gap. 

No full-grid transfers,just the missing pieces. That’s the magic of 2D encoding!",6,0
vinidotsui,1881783187225051197,2025-01-21T19:17:28.000Z,"By combining low replication costs, fast recovery, and high resilience, Red Stuff ensures 
@WalrusProtocol
 is built to handle the demands of decentralized storage at scale.

Questions? Let’s discuss below. And stay tuned for the next ""Hold your Tusk, it's walrus time!""

Thanks <3",8,0
vinidotsui,1881713265228832946,2025-01-21T14:39:37.000Z,"Builders in other chains: 20% tech, 80% stress. 

Sui builders: 80% tech 20% flex",101,29
vinidotsui,1881340876288589935,2025-01-20T13:59:53.000Z,"Do you guys remember these red envelopes?? 
@Buck_You_Legend
 is back on January 26th!

The final prize pool is up for grabs, and the last 4 buyers take it ALL. Last year, I wasn’t lucky, but this year will be different. 

Have faith! ",23,3
vinidotsui,1881038721153388714,2025-01-19T17:59:13.000Z,"Hey 
@KriyaDEX
, thanks for making my Sunday even happier!",84,0
vinidotsui,1880711832475963567,2025-01-18T20:20:17.000Z,"Sui was one of my best choices in 2024, and it’s definitely still the same in 2025.

And don’t forget: $SUI will be the global coordination layer for intelligent assets!!",43,3
vinidotsui,1880680488454783296,2025-01-18T18:15:44.000Z,"What a night at the crypto ball with the 
@Mysten_Labs
, 
@SuiNetwork
 family ",559,66
vinidotsui,1880265270335304123,2025-01-17T14:45:48.000Z,"BREAKING: Over 7M users now on-chain with 
@FanTV_official
!

Try creating or watching videos on a decentralized platform, I guarantee you’ll love it and you can earn great rewards too!  

FanTV is growing fast, and this is your chance to be part of it! Don’t just watch the",3,1
vinidotsui,1880265341835809102,2025-01-17T14:46:05.000Z,Join the movement:,2,0
vinidotsui,1880023630022951033,2025-01-16T22:45:37.000Z,"Everyone needs to understand what 
@WalrusProtocol
 is and its full potential. Please, take just one minute of your life to watch this :)",9,0
vinidotsui,1879966343757484245,2025-01-16T18:57:59.000Z,"Who’s gonna be my 2,500th follower?",30,1
vinidotsui,1879945336250331605,2025-01-16T17:34:30.000Z,"YEAHHH! 
@spritzfinance
 now supports 
@SuiNetwork
!

 Pay bills directly with crypto—no cash out needed
 Multi-Chain Support
 Spritz Card for everyday purchases
 User-Friendly Interface

Sound good? Use my affiliate link & show some love:
https://spritz.link/r/vinidotsui",2,0
vinidotsui,1879594887357849770,2025-01-15T18:21:56.000Z,"I always get so hyped when someone talks about the $SUI ecosystem and mentions something I’ve worked on! Just happened again in this 
@BanklessHQ
 article—shoutout to my 
@WalrusProtocol
 thread! 

Let’s keep pushing forward!
Check it out: https://bankless.com/read/whats-next-for-sui-in-2025…",56,3
vinidotsui,1879332140682453054,2025-01-15T00:57:53.000Z,"It doesn’t make sense to complain about an airdrop when you’re not part of the ecosystem. Everyone who’s active in the Sui ecosystem was well rewarded. The truth is, there will always be people complaining, after all, not even Jesus was loved by everyone.

Just my 2 cents",11,0
vinidotsui,1879177716966346795,2025-01-14T14:44:15.000Z,"Suilend LST (
@springsui_
) Circulating Market Cap (data from 5 days ago):

$kSUI is dominating, surpassing a 25M market cap! Are we all bullish on 
@KriyaDEX
?

Note: These tokens exclusively use SpringSui and credits to 
@EvanDeKim
 for the data and insights!",7,0
vinidotsui,1877762333671571816,2025-01-10T17:00:02.000Z,"Kumo has entered the retail world 

Pre-sale 20.01.2025 ",488,159
vinidotsui,1877682219143352551,2025-01-10T11:41:41.000Z,BIG BUT ENEREGY HERE!  Mark your calendars!,60,9
vinidotsui,1877348817130963120,2025-01-09T13:36:52.000Z,"Everything 
@_StudioMirai
 does is thoughtful.

I couldn’t start this tweet any other way.

Everything was thoughtful from the very beginning: The mint was smooth—no bugs, no congestion, no problems at all. Thank you, 
@_smbrian
.

The art? Flawless. Nothing else to say. Half the",82,20
vinidotsui,1877148532102074794,2025-01-09T00:21:00.000Z,"WHAT IF SuiNS Holders gets a $WAL drop?

and soon www.vini.sui lol",56,3
vinidotsui,1877086112998711676,2025-01-08T20:12:58.000Z,"Lucky Draw Alert: Win $BUT Tokens!

Dates: January 8th, 5 PM – January 21st, 5 PM, 2025 (UTC+0)
Prize Pool: $10,000 worth of $BUT
Processed By: January 31st, 2025

How to Participate?

 Deposit at least 10 $BUCK into the sBUCK Savings Pool.
 Get a chance to win $BUT",12,1
vinidotsui,1877032267366670633,2025-01-08T16:39:00.000Z,"Bear market or bull market, whateeverrr, always bullish on 
@bucket_protocol
TGE on January 13th.
1 $BUT = 1 $BUCK
or maybe... 1 $BUT = 1 $SUI?",10,1
vinidotsui,1876747754761756890,2025-01-07T21:48:27.000Z,It’s kinda hard to keep up with so much stuff sometimes. Wish my day had 48 hours :(,26,2
vinidotsui,1876661225712447641,2025-01-07T16:04:37.000Z,"""I already have examples now that I can give very unique access controls that you've never seen in the past in dropbox or google docs, or anything else, but you will see it on Walrus""

Bullish on Seal, Bullish on 
@WalrusProtocol",3,0
vinidotsui,1876631723947237423,2025-01-07T14:07:23.000Z,"Okay, new Year, new Airdrops!

Friday is $FANday.",20,0
vinidotsui,1876620955784806845,2025-01-07T13:24:36.000Z," BIG NEWS BUCKET FAM!

You asked, we listened! Expanding our $BUT TGE pre-sale whitelist from Top 100 to Top 500 because you deserve it! 

Top 100: Extra $BUT allocation in Pre-Sale!
Top 101-500: You're whitelisted!

More chances, more gainers now - LFG!  See you all on TGE",142,24
vinidotsui,1876263656197160983,2025-01-06T13:44:49.000Z,"AI-to-AI coordination is the next frontier.

Our mission 
@Mysten_Labs
 is to make 
@SuiNetwork
 the global coordination layer, empowering billions of autonomous agents to transact, build, and innovate without limits.

2025 is going to be huge for Sui.

#SUIDOMINATION",893,225
vinidotsui,1875968251664203994,2025-01-05T18:10:59.000Z,that's all folks,7,0
vinidotsui,1875527857856032811,2025-01-04T13:01:01.000Z,"We're ecstatic to announce THE BIG BUT THEORY show!  We love BIG BUTs so get ready for the first of many BUTiful AMAs with @damienchen96 and win 500 $BUT!

 Jan 6, 2025 | 14:00 UTC
Set reminder here: https://x.com/i/spaces/1MYxNMndXXQJw…

BUT! We are also giving away 500 $BUT x 5 best",387,209
vinidotsui,1875655143313830347,2025-01-04T21:26:48.000Z,"Hold Your Tusk, It’s 
@WalrusProtocol
 Time - 02

Decentralized storage is promising but not perfect. Current systems face big challenges: they’re costly, inefficient, and rigid.

In this second episode, let’s dive into how Walrus tackles these issues in game-changing ways!",184,36
vinidotsui,1875655160338509874,2025-01-04T21:26:52.000Z,"Here’s a simple comparison with AWS:

 AWS S3: Centralized, scalable, but prone to outages and lacks data sovereignty.

 Walrus: Decentralized, resilient, and gives you full control of your data.

It’s not replacing AWS, but redefining storage where decentralization matters",10,0
vinidotsui,1875655163190333690,2025-01-04T21:26:53.000Z,"That’s how Walrus tackles the big challenges in decentralized storage. But we’re just getting started!

Next up: Red Stuff, the encoding magic powering Walrus. You’ll see why it’s a breakthrough in storage efficiency.

Got questions? Let’s chat below! :)",12,0
vinidotsui,1875655158232941002,2025-01-04T21:26:52.000Z,"Let’s tie it together with real use cases:

 NFTs: Store metadata and media securely and forever.

 Social Media: Host rich media like videos/images without centralized risks.

 Roll-ups/L2s: Efficient, reliable storage to scale Ethereum and beyond",8,0
vinidotsui,1875510320707596558,2025-01-04T11:51:20.000Z,"All Brazilian members who showed interest in 
@killaclubsui
 and filled out our list have received WL. 
Thanks for the partnership, and I wish you success with the mint!",24,6
vinidotsui,1875493095107928178,2025-01-04T10:42:53.000Z,"I JUST WOKE UP AND $SUI IS 5.18

WHAAAAAAT A DAAAYYYY",100,5
vinidotsui,1875238100143894722,2025-01-03T17:49:37.000Z,"In this wallet, no token stays idle! 
Keep farming, keep farming! 

$BUT ",34,3
vinidotsui,1875007923103121715,2025-01-03T02:34:59.000Z,"Everyone knows how much I love 
@bucket_protocol
 Guess what? I’m officially a Bucket ambassador now! 

Don’t forget, TGE is on the 13th!
Bullish on Bucket, bullish on $BUT, bullish on $SUI!",117,29
vinidotsui,1874870486171312420,2025-01-02T17:28:51.000Z,"The 
@bucket_protocol
 team is very generous and might agree to increase pre-sales wls to more than top 100!

If you want to support, go react to this message!
https://discord.com/channels/1088427643336130560/1088427644028198957/1324410584107712532…",22,3
vinidotsui,1874871979645485270,2025-01-02T17:34:48.000Z,"@Mysten_Labs
 is looking for engineering interns this summer to help build new features for 
@SuiNetwork
and 
@WalrusProtocol
. Shill me your favorite github repo or published system you built! No need for prior blockchain knowledge, but need to be enrolled in a PhD program.",32,7
vinidotsui,1874289444968136886,2025-01-01T03:00:00.000Z,"Of course, my first tweet of 2025 had to be about Sui

GM $SUI!

HAPPY NEW YEAR  (It’s exactly 00:00 here!)

Cheers to an incredible 2025 ahead!",72,6
DeSuiLabs,1864681783973040618,2024-12-05T14:42:36.000Z,"LAB AIRDROP 

We are thrilled to share that DSL holders will get the first $WIN airdrop from 
@WinX_io
Is DSL the most rewarding free mint in history?",171,46
DeSuiLabs,1882089187912176093,2025-01-22T15:33:24.000Z,The alpha is Shards.,63,11
DeSuiLabs,1881998845040857451,2025-01-22T09:34:25.000Z,All DSL holders are whitelisted for Shards ,69,18
DeSuiLabs,1881993398967742604,2025-01-22T09:12:46.000Z,"WIN UPDATE

All WinX Shards will get an allocation of $WIN! 

Who deserves a whitelist for the free mint?",216,109
DeSuiLabs,1877533112877350973,2025-01-10T01:49:11.000Z,"Why you should buy a 
@DeSuiLabs
 DSL NFT on 
@tradeport
 ASAP",39,9
DeSuiLabs,1876834531598037168,2025-01-08T03:33:16.000Z,Believe in something $SUI ,424,67
DeSuiLabs,1876644243059662964,2025-01-07T14:57:08.000Z,"The first licensed casino on Sui is here! 

You can flip a coin to win a share of $1000 

Heads or Tails? 
@SuiNetwork
 ",462,186
DeSuiLabs,1876828236614652150,2025-01-08T03:08:16.000Z,"dont think I have enough Gems yet
@DeSuiLabs",27,3
DeSuiLabs,1876262610389401674,2025-01-06T13:40:40.000Z,"Sui's first licensed casino is heating up

Are you ready to $WIN?",205,110
DeSuiLabs,1875751248772919591,2025-01-05T03:48:42.000Z,"Babe wake up, new ATH just dropped",88,14
DeSuiLabs,1875036013254615435,2025-01-03T04:26:36.000Z,"A new year to WIN 

Giving away a WinX Shard to celebrate 

Just follow & RT to enter ",249,195
DeSuiLabs,1873908004439155143,2024-12-31T01:44:18.000Z,"Good morniinggggg !  
@SuiNetwork
 @DeSuiLabs
 @LegacyDSL",11,2
DeSuiLabs,1873418536292655441,2024-12-29T17:19:20.000Z,"Trying to figure out if I’m doing this right!!!  
@DeSuiLabs
 and 
@WinX_io
 !!! 
@Mysten_Labs
 co founder changed his pfp to desuilabs… probably something ",20,5
DeSuiLabs,1867245837048504598,2024-12-12T16:31:13.000Z,"A pleasure to welcome the builders 
@LuckyKatStudios
 to the WIN ecosystem! Gmeow",29,6
DeSuiLabs,1866865542071775631,2024-12-11T15:20:04.000Z,Did you buy the dip?,60,11
DeSuiLabs,1866479720457757025,2024-12-10T13:46:57.000Z,"New Listing: $BLUB

The dirty fish has entered 
@WinX_io
! 

You can now play with BLUB and earn casino rev share:",508,80
DeSuiLabs,1866128178051432735,2024-12-09T14:30:03.000Z,Which SUI communities should get a WIN drop? ,155,27
DeSuiLabs,1865303443914809648,2024-12-07T07:52:51.000Z,When your SOL friend finally buys SUI,203,174
DeSuiLabs,1865008670725280066,2024-12-06T12:21:31.000Z,"The mint price for 
@LegacyDSL
 was 22 SUI (~$13.20!) 

Another WIN for the community ",48,10
DeSuiLabs,1864908364746256778,2024-12-06T05:42:57.000Z,Is DSL the most rewarding free mint in history?,23,2
DeSuiLabs,1864888319789695462,2024-12-06T04:23:18.000Z,"I repeat: Not fading 
@shotodesuilabs
 is the best move I've made this cycle.",17,2
DeSuiLabs,1864870532396781755,2024-12-06T03:12:37.000Z,"We're gonna WIN so much 
@SuiNetwork",57,15
DeSuiLabs,1864338158344679573,2024-12-04T15:57:09.000Z,"A wallet just bought 25 
@DeSuiLabs
 

What does he know that we don't already know?
I'd be enjoying the juicy STAKE on http://winx.io 
Something is about to happen, don't miss out",32,10
DeSuiLabs,1863899938763276444,2024-12-03T10:55:49.000Z,"What's happening? DSL  SEASON II? 
@DeSuiLabs
 @shotodesuilabs
 @tradeportxyz",23,2
DeSuiLabs,1863910071903858914,2024-12-03T11:36:05.000Z,"@DeSuiLabs
 and 
@shotodesuilabs
 never let me down",10,2
DeSuiLabs,1863914219151982729,2024-12-03T11:52:34.000Z,what a grail  #SeasonZero,11,1
DeSuiLabs,1863932172593213787,2024-12-03T13:03:54.000Z,"SEASON ZERO

- NEW ART
- Staking & Earning Gems 

LFG 
@DeSuiLabs
 @shotodesuilabs",15,5
DeSuiLabs,1863924768308945068,2024-12-03T12:34:29.000Z,"SEASON ZERO

Art is a distraction, utility is everything. 
All unlisted DSL pixels have been reset to the essentials. 

Stake your new DSL to earn GEMs now ",79,33
DeSuiLabs,1863924774478758126,2024-12-03T12:34:30.000Z,"Season Zero is just getting started, stay tuned for our next major announcement 

Stake & start earning Gems before they run out: 
http://winx.io/nft-staking",21,4
DeSuiLabs,1863897144845062543,2024-12-03T10:44:43.000Z,"Season Zero is straight autism 
@DeSuiLabs",52,9
DeSuiLabs,1863892471979323799,2024-12-03T10:26:09.000Z,Delist. ,74,13
DeSuiLabs,1863798412032070055,2024-12-03T04:12:23.000Z,SEASON ZERO | TODAY ,119,29
DeSuiLabs,1863619182669316592,2024-12-02T16:20:12.000Z,Are you ready? ,57,6
DeSuiLabs,1854871785466216642,2024-11-08T13:01:10.000Z,"Join our ambassador program and get up to 90% profit share for referring friends to 
@WinX_io
!",20,1
DeSuiLabs,1854513846184296678,2024-11-07T13:18:50.000Z,"What started as a free mint

Is going to be one of the most rewarding casino ecosystems in Web3 ",68,16
DeSuiLabs,1854160296610599053,2024-11-06T13:53:58.000Z,"New Product Announcement 

For over a year we've been working tirelessly to build something special. 
@rollifycom
 is the future:",107,26
DeSuiLabs,1845673377262170176,2024-10-14T03:49:58.000Z,"Im here from the first day on 
@SuiNetwork
 
then @DeSuiLab change my life.
never forget all you do 
@shotodesuilabs
.
Burnin always burning !",51,7
DeSuiLabs,1838563807767203976,2024-09-24T12:59:05.000Z,"What is Gem staking?

We are leveraging Sui’s closed loop token standard to create a special kind of utility token 

Staking for Gems is the first step to unlocking rewards from the 
@WinX_io
 protocol  ",75,22
DeSuiLabs,1838222087938576725,2024-09-23T14:21:12.000Z,"We are excited to announce that the 
@WinX_io
 protocol will be decentralized to the DeSuiLabs community! 

Casino revenue share will start in Q4 2024 ",127,35
DeSuiLabs,1837249481152020834,2024-09-20T21:56:25.000Z,"SECONDARY SALE on 
@tradeportxyz
A new member has been introduced to their Legacy  

By acquiring DSL Legacy #197 for 2300 $SUI - $3489",40,4
DeSuiLabs,1831431943273263426,2024-09-04T20:39:36.000Z,"I did it. Proud owner of a 
@LegacyDSL
 ",56,7
DeSuiLabs,1823722499458392531,2024-08-14T14:05:01.000Z,"- There was a time when I get REKT 10/10 projects on 
@SuiNetwork
 that I have invested in until 
@DeSuiLabs
 came and saved my ass.

- What's more special here? They're free mint, and lowest floor price ever on market is 10 SUI.

- Damn! I will never forget that. Believe in the lab",39,15
DeSuiLabs,1817927079771713987,2024-07-29T14:16:05.000Z,"24 hrs till launch 

The most based on-chain casino experience in web3, on 
@SuiNetwork",38,13
DeSuiLabs,1813575435852333494,2024-07-17T14:04:13.000Z,"The Lab is rting 

Giving away 50 whitelist spots for the upcoming Rootlets mint 

To be eligible: 
 Follow 
@rootlets_nft
 and 
@suilendprotocol
 Like & RT this post",149,118
DeSuiLabs,1817820600917958801,2024-07-29T07:12:59.000Z,"Winners Part 1: 
@Guillau86099245
 @Domo49395926 
@lukmawo
 @CronosBit
 @MinhTranQuang10
 @AirdropKhildai
 @cqlp1314
 @pacific_price
 @JohnChigozie9
 @inyournathan
 @im_zor06 @ETHistheonlyway 
@VikashGuptaAI
 @TelNFT
 @QuakerMoat
 @papernprotein
 @snnugur
 @shotodesuilabs
 @DanielEremenk0",10,0
DeSuiLabs,1817820664075866312,2024-07-29T07:13:14.000Z,"Winners Part 2:
@Akins1de91
 @Rimu8888
 @sticoz07
 @haruna_olamidee
 @0xPrenda @Capsule_Corpp 
@Olawale_babs28
 @normielarp
 @GajaneLungelo
 @jry_84
 @Tiagolimamcz
 @31_doy
 @nounks_blue
 @Jit_Web3 
@dveerse
 @orla_meday
 @D_C_K_S
 @Adimusmith
 @0x_onigiri
 @0xxrp0 
@y_dakter
 @yourfaveD",11,1
DeSuiLabs,1817212800042709420,2024-07-27T14:57:48.000Z,"So I was working on 
@DeSuiLabs
 v2 when I stumbled on this cool monke at a 20% discount.

Finally got my first DSL after fading their free mint ",32,3
DeSuiLabs,1816783019199340966,2024-07-26T10:30:00.000Z,"Only possible on Solana 

Sponsored by 
@degencoinflip
 #Mysticeti",88,29
DeSuiLabs,1816496566871707998,2024-07-25T15:31:45.000Z,Still free now,18,3
DeSuiLabs,1816465876373102710,2024-07-25T13:29:47.000Z,Remember when DSL was ?,64,12
ChessyyKing,1882104709009563819,2025-01-22T16:35:05.000Z,"5k $Jup claimed 

Sell or hold 

Go claim urs Asap 

Thanks 
@JupiterExchange
 @jup_uplink",37,1
ChessyyKing,1882042112226852976,2025-01-22T12:26:20.000Z,"tbh I kinda can’t believe what’s about to happen. 

2,000,000+ eligible wallets are about to join the Jupiverse. 

anyone else shaking rn? just me?",0,673
ChessyyKing,1882019455452217737,2025-01-22T10:56:19.000Z,"Donald Trump Reveals: Doesn't Know Much About His Own Memecoin

Donald Trump recently admitted that he doesn't know much about his own memecoin. According to his statement, the $TRUMP and $MELANIA memecoins were launched with his permission, but he is unaware of the details of",5,1
ChessyyKing,1881685672878285059,2025-01-21T12:49:59.000Z,"the moment you've been waiting for is nearly here 

the Jupuary airdrop claim will go live on Wednesday at 3:30pm UTC 

at the same time, 
@kashdhanda
 & 
@9yointern
 will host a special J.U.P Rally to celebrate and properly welcome everyone to the Jupiverse!

J4J",0,0
dimwitnews,1883928418255003943,2025-01-27T17:21:51.000Z,"NEW: 
@ATOMA_NETWORK
 ADDS DEEPSEEK-R1 AI MODEL SUPPORT ON $SUI",42,5
dimwitnews,1883863791898956167,2025-01-27T13:05:03.000Z,VIDEO: HOW TO SEND SUI TRANSACTIONS VIA SMS,87,16
dimwitnews,1883491838558162952,2025-01-26T12:27:02.000Z,"SUI CO FOUNDER 
@EmanAbio
 MADE IT TO THE TOP 10 GAMING KOLs WITH HIGHEST MINDSHARE IN THE LAST 30 DAYS ON CT",33,2
dimwitnews,1883382967810330918,2025-01-26T05:14:25.000Z,"ACCORDING TO SUI CO FOUNDERS 
@EmanAbio
, HUNDREDS OF MILLIONS OF DOLLARS ARE BEING INVESTED IN NATIVE SUI PROJECTS AND ECOSYSTEM THIS YEAR",666,82
dimwitnews,1883288300867539133,2025-01-25T22:58:15.000Z,"NEW: JUPITER EXCHANGE CO FOUNDER 
@sssionggg
 NOW ROCK A SUI ROOTLET PFP",103,14
CleanwaterSui,1883178322441777330,2025-01-25T15:41:14.000Z,SUPER SUIYAN CLEAN ,105,19
CleanwaterSui,1883164949759074782,2025-01-25T14:48:06.000Z,"Step 1 go $DEEP

Step 2 forget about it ",124,7
CleanwaterSui,1882923796375683458,2025-01-24T22:49:50.000Z,"The alpha is 
@memezdotgg",14,1
CleanwaterSui,1882914573126373735,2025-01-24T22:13:11.000Z," “ Is This Alpha “ 

How Degen Are You ?

As far as I know, no one knows what the 
@MetaStables
 points go towards. 

But what we do know is the Total Value Locked ( TVL ) is extremely low, so if there was a pool to disperse the points based off an individual’s weight",39,7
CleanwaterSui,1882906012451225900,2025-01-24T21:39:10.000Z,"So I heard capsules are coming back for 
@suilendprotocol
.

With that being said what’s your rank on the season to points leaderboard ?",54,2
CleanwaterSui,1882894367385424359,2025-01-24T20:52:54.000Z,"When you think about the future what comes to mind ?

The future in my opinion will be filled with distributed ledger technology systems that will power every part of our economy.

We will have AI Agents that will be able to adjust the temperature of homes to the better acclimate",57,14
CleanwaterSui,1882860853306990945,2025-01-24T18:39:43.000Z,"Ding Ding Ding 

The timer is up !

The winner of the 22$SUI is 

 
@bigfloater74
 

This giveaway was conducted fairly through a Twitter comment picker. 

Please check your DM sir ",28,4
CleanwaterSui,1882853909011587127,2025-01-24T18:12:08.000Z,"@Cosmocadia
 GIVEAWAY 

Ladies and gentlemen I would love to bring the news to you that the COSMOCADIA TESTER CLUB is going live on January 29th !!

This is EXCLUSIVE for NFT holders of either Cosmocadia Avatars or land NFTs. With this opportunity you will be able to test out",54,24
CleanwaterSui,1882807673076494572,2025-01-24T15:08:24.000Z,"how to improve your transaction speed/execution by 100x:

.
.
.
.
.
.

launch on 
@SuiNetwork",23,1
CleanwaterSui,1882570706594234477,2025-01-23T23:26:47.000Z,"If you need some $SUI to be able to engage with apps like 
@doubleup_app
 or long the market with apps like 
@bluefinapp
 ( Or whatever you choose ) I got you 

You gotta be quick tho ",37,2
Solana_Og,1883970210291646766,2025-01-27T20:07:55.000Z,"Selling this twitter account.    

       29,000 real x followers I can prove their real   

   dm offers   

 crypto only",1,1
Solana_Og,1883661192511811689,2025-01-26T23:39:59.000Z," $SolanaPepe Launching January 30th!  

Get ready to ride the wave with the latest memecoin sensation, $SolanaPepe! 
 Launch Date: January 30th, 12AM GMT+8
 Don't miss your chance to join the  
 Stay tuned 
#SolanaPepeArmy. 
@SolanaPepeOnSol
#Memecoin #Solana #Launch",5,1
UNFKearth,1882130853763150109,2025-01-22T18:18:58.000Z,"nice one, agent 

so many great memes created by UNFKers

talented community

lots to build upon, as the web3 floodgates are opened ",97,27
UNFKearth,1881783187594207309,2025-01-21T19:17:28.000Z," SCAM ALERT

a fake UNFK just launched on pumpfun, linked to our X profile on 
@tradewithPhoton
 

only official $UNFK token: 

8MgghUHzWyCXSQb4ReqrYQZ9rL8cQNaZ84GsqWhTB4Uu",87,23
UNFKearth,1881759609045864855,2025-01-21T17:43:46.000Z,UNFK memelords: what you working on?,118,21
abiiii0203,1882150239425228998,2025-01-22T19:36:00.000Z,"✞模板委託✞ 

一組2個表情 NT$500
可以當DC的跳跳用!不可商用,可裁切當表符用
第一張預設嘟嘴 第二張都可以(限改表情)
歡迎私訊DC討論 : momo777._. 
很少看推特再麻煩大家體諒ㄌ
/
辦個小小的抽獎(´・ω・`)
⭒轉發+愛心+追蹤⭒
到2月1號抽一組!
希望有人能喜歡 謝謝><",86,51
EmanAbio,1883886827150737421,2025-01-27T14:36:35.000Z,"Coming soon: #Sui will enable transactions through SMS, bringing payments, DeFi, rewards, and more to everyone, everywhere.",0,325
EmanAbio,1884087930781913525,2025-01-28T03:55:42.000Z,"Thanks 
@elliscopef
 of 
@navi_protocol
 for the Lunar new heat gift. Happy Lunar new year everyone.",100,5
ChessyyKing,1882104709009563819,2025-01-22T16:35:05.000Z,"5k $Jup claimed 

Sell or hold 

Go claim urs Asap 

Thanks 
@JupiterExchange
 @jup_uplink",37,1
ChessyyKing,1882042112226852976,2025-01-22T12:26:20.000Z,"tbh I kinda can’t believe what’s about to happen. 

2,000,000+ eligible wallets are about to join the Jupiverse. 

anyone else shaking rn? just me?",0,673
ChessyyKing,1882019455452217737,2025-01-22T10:56:19.000Z,"Donald Trump Reveals: Doesn't Know Much About His Own Memecoin

Donald Trump recently admitted that he doesn't know much about his own memecoin. According to his statement, the $TRUMP and $MELANIA memecoins were launched with his permission, but he is unaware of the details of",5,1
ChessyyKing,1881685672878285059,2025-01-21T12:49:59.000Z,"the moment you've been waiting for is nearly here 

the Jupuary airdrop claim will go live on Wednesday at 3:30pm UTC 

at the same time, 
@kashdhanda
 & 
@9yointern
 will host a special J.U.P Rally to celebrate and properly welcome everyone to the Jupiverse!

J4J",0,0
dimwitnews,1883928418255003943,2025-01-27T17:21:51.000Z,"NEW: 
@ATOMA_NETWORK
 ADDS DEEPSEEK-R1 AI MODEL SUPPORT ON $SUI",42,5
dimwitnews,1883863791898956167,2025-01-27T13:05:03.000Z,VIDEO: HOW TO SEND SUI TRANSACTIONS VIA SMS,87,16
dimwitnews,1883491838558162952,2025-01-26T12:27:02.000Z,"SUI CO FOUNDER 
@EmanAbio
 MADE IT TO THE TOP 10 GAMING KOLs WITH HIGHEST MINDSHARE IN THE LAST 30 DAYS ON CT",33,2
dimwitnews,1883382967810330918,2025-01-26T05:14:25.000Z,"ACCORDING TO SUI CO FOUNDERS 
@EmanAbio
, HUNDREDS OF MILLIONS OF DOLLARS ARE BEING INVESTED IN NATIVE SUI PROJECTS AND ECOSYSTEM THIS YEAR",666,82
dimwitnews,1883288300867539133,2025-01-25T22:58:15.000Z,"NEW: JUPITER EXCHANGE CO FOUNDER 
@sssionggg
 NOW ROCK A SUI ROOTLET PFP",103,14
CleanwaterSui,1883178322441777330,2025-01-25T15:41:14.000Z,SUPER SUIYAN CLEAN ,105,19
CleanwaterSui,1883164949759074782,2025-01-25T14:48:06.000Z,"Step 1 go $DEEP

Step 2 forget about it ",124,7
CleanwaterSui,1882923796375683458,2025-01-24T22:49:50.000Z,"The alpha is 
@memezdotgg",14,1
CleanwaterSui,1882914573126373735,2025-01-24T22:13:11.000Z," “ Is This Alpha “ 

How Degen Are You ?

As far as I know, no one knows what the 
@MetaStables
 points go towards. 

But what we do know is the Total Value Locked ( TVL ) is extremely low, so if there was a pool to disperse the points based off an individual’s weight",39,7
CleanwaterSui,1882906012451225900,2025-01-24T21:39:10.000Z,"So I heard capsules are coming back for 
@suilendprotocol
.

With that being said what’s your rank on the season to points leaderboard ?",54,2
CleanwaterSui,1882894367385424359,2025-01-24T20:52:54.000Z,"When you think about the future what comes to mind ?

The future in my opinion will be filled with distributed ledger technology systems that will power every part of our economy.

We will have AI Agents that will be able to adjust the temperature of homes to the better acclimate",57,14
CleanwaterSui,1882860853306990945,2025-01-24T18:39:43.000Z,"Ding Ding Ding 

The timer is up !

The winner of the 22$SUI is 

 
@bigfloater74
 

This giveaway was conducted fairly through a Twitter comment picker. 

Please check your DM sir ",28,4
CleanwaterSui,1882853909011587127,2025-01-24T18:12:08.000Z,"@Cosmocadia
 GIVEAWAY 

Ladies and gentlemen I would love to bring the news to you that the COSMOCADIA TESTER CLUB is going live on January 29th !!

This is EXCLUSIVE for NFT holders of either Cosmocadia Avatars or land NFTs. With this opportunity you will be able to test out",54,24
CleanwaterSui,1882807673076494572,2025-01-24T15:08:24.000Z,"how to improve your transaction speed/execution by 100x:

.
.
.
.
.
.

launch on 
@SuiNetwork",23,1
CleanwaterSui,1882570706594234477,2025-01-23T23:26:47.000Z,"If you need some $SUI to be able to engage with apps like 
@doubleup_app
 or long the market with apps like 
@bluefinapp
 ( Or whatever you choose ) I got you 

You gotta be quick tho ",37,2
Solana_Og,1883970210291646766,2025-01-27T20:07:55.000Z,"Selling this twitter account.    

       29,000 real x followers I can prove their real   

   dm offers   

 crypto only",1,1
Solana_Og,1883661192511811689,2025-01-26T23:39:59.000Z," $SolanaPepe Launching January 30th!  

Get ready to ride the wave with the latest memecoin sensation, $SolanaPepe! 
 Launch Date: January 30th, 12AM GMT+8
 Don't miss your chance to join the  
 Stay tuned 
#SolanaPepeArmy. 
@SolanaPepeOnSol
#Memecoin #Solana #Launch",5,1
UNFKearth,1882130853763150109,2025-01-22T18:18:58.000Z,"nice one, agent 

so many great memes created by UNFKers

talented community

lots to build upon, as the web3 floodgates are opened ",97,27
UNFKearth,1881783187594207309,2025-01-21T19:17:28.000Z," SCAM ALERT

a fake UNFK just launched on pumpfun, linked to our X profile on 
@tradewithPhoton
 

only official $UNFK token: 

8MgghUHzWyCXSQb4ReqrYQZ9rL8cQNaZ84GsqWhTB4Uu",87,23
UNFKearth,1881759609045864855,2025-01-21T17:43:46.000Z,UNFK memelords: what you working on?,118,21
abiiii0203,1882150239425228998,2025-01-22T19:36:00.000Z,"✞模板委託✞ 

一組2個表情 NT$500
可以當DC的跳跳用!不可商用,可裁切當表符用
第一張預設嘟嘴 第二張都可以(限改表情)
歡迎私訊DC討論 : momo777._. 
很少看推特再麻煩大家體諒ㄌ
/
辦個小小的抽獎(´・ω・`)
⭒轉發+愛心+追蹤⭒
到2月1號抽一組!
希望有人能喜歡 謝謝><",86,51
EmanAbio,1883886827150737421,2025-01-27T14:36:35.000Z,"Coming soon: #Sui will enable transactions through SMS, bringing payments, DeFi, rewards, and more to everyone, everywhere.",0,325
EmanAbio,1884087930781913525,2025-01-28T03:55:42.000Z,"Thanks 
@elliscopef
 of 
@navi_protocol
 for the Lunar new heat gift. Happy Lunar new year everyone.",100,5
