token,address,timestamp,tweet_text,username,likes,retweets,sentiment,is_meme,meme_relevance_score,text
sol,So11111111111111111111111111111111111111112,2025-01-28T02:28:51.000Z,,Danny || Crypto Recovery Expert,0,0,9.25185853854297e-18,False,9.25185853854297e-18,"#Paxful
#Tradevelo
 Got scammed?
Compromised wallets?
Drained wallet?
Funds sent to the wrong address?
Lost tokens?
Lost SOLANA?
Feel free to send us a direct message
#Eedly. #otc #bitcoin #usdt #toxsea #Solana $sol #crypto #paofc "
sol,So11111111111111111111111111111111111111112,2025-01-28T02:28:37.000Z,,Diana_R,0,0,0.625,False,0.625,"Get the latest trading data today to stay ahead!

http://crypto-signals.life

$BTC $ETH $SOL $DOGE $TIA $XAI $CTSI $UMA $ARB $SEI $MANTA $LINK $FDUSD $AVAX $MATIC $SUI $ONDO $LRC $PYTH $BONK $SAVM $LUNC $MYRO $INJ"
sol,So11111111111111111111111111111111111111112,2025-01-28T02:28:33.000Z,,Muhammad Hakim,0,0,0.3666666666666667,True,0.7333333333333334,"This is the best chart I’ve been seen. Accumulating area zone is solid. 
@GONNALGO
 is Meme coin in Algorand and will going wild.

$ETH $SOL $USDT $USDC $ALGO"
sol,So11111111111111111111111111111111111111112,2025-01-28T02:28:18.000Z,,Tony Denning,0,0,0.5625,True,1.125,"Winning signals are waiting – join now!

http://crypto-signals.life

$SOL $UMA $TIA $TRB $XAI $SEI $LINK $XRP $BTC $ETH $BNB $ARB $MANTA $MATIC $SUI $OP $SAND $ONDO $MEME $MAGIC $MYRO $FLOW $VMINT $ONDO $WIF"
sol,So11111111111111111111111111111111111111112,2025-01-28T02:28:12.000Z,,chaoren,0,0,0.15476190476190477,False,0.15476190476190477," Smart Money Alert: DidIDoIt? 
 CA: Em4LKEWsJmmGZnBQRpeU9KK9WQf3CuLYB4N6Xaxjpump
 First Alert vs Current:
 $0.000465
 MC: $465.1K
 3 whales | Max Profit: +2060.3%
 Trade Now:
gmgn: https://gmgn.ai/sol/token/xC31kO6v_Em4LKEWsJmmGZnBQRpeU9KK9WQf3CuLYB4N6Xaxjpump…
$SOL #Solana #DeFi"
sol,So11111111111111111111111111111111111111112,2025-01-28T02:28:08.000Z,,chaoren,0,0,0.15476190476190477,False,0.15476190476190477," Smart Money Alert: DidIDoIt? 
 CA: Em4LKEWsJmmGZnBQRpeU9KK9WQf3CuLYB4N6Xaxjpump
 First Alert vs Current:
 $0.000331
 MC: $331.1K
 3 whales | Max Profit: -20.6%
 Trade Now:
gmgn: https://gmgn.ai/sol/token/xC31kO6v_Em4LKEWsJmmGZnBQRpeU9KK9WQf3CuLYB4N6Xaxjpump…
$SOL #Solana #DeFi"
sol,So11111111111111111111111111111111111111112,2025-01-28T02:28:33.000Z,,Muhammad Hakim,0,0,0.3666666666666667,True,0.7333333333333334,"This is the best chart I’ve been seen. Accumulating area zone is solid. 
@GONNALGO
 is Meme coin in Algorand and will going wild.

$ETH $SOL $USDT $USDC $ALGO"
sol,So11111111111111111111111111111111111111112,2025-01-28T02:28:18.000Z,,Tony Denning,0,0,0.5625,True,1.125,"Winning signals are waiting – join now!

http://crypto-signals.life

$SOL $UMA $TIA $TRB $XAI $SEI $LINK $XRP $BTC $ETH $BNB $ARB $MANTA $MATIC $SUI $OP $SAND $ONDO $MEME $MAGIC $MYRO $FLOW $VMINT $ONDO $WIF"
sol,So11111111111111111111111111111111111111112,2025-01-28T02:28:12.000Z,,chaoren,0,0,0.15476190476190477,False,0.15476190476190477," Smart Money Alert: DidIDoIt? 
 CA: Em4LKEWsJmmGZnBQRpeU9KK9WQf3CuLYB4N6Xaxjpump
 First Alert vs Current:
 $0.000465
 MC: $465.1K
 3 whales | Max Profit: +2060.3%
 Trade Now:
gmgn: https://gmgn.ai/sol/token/xC31kO6v_Em4LKEWsJmmGZnBQRpeU9KK9WQf3CuLYB4N6Xaxjpump…
$SOL #Solana #DeFi"
sol,So11111111111111111111111111111111111111112,2025-01-28T02:28:08.000Z,,chaoren,0,0,0.15476190476190477,False,0.15476190476190477," Smart Money Alert: DidIDoIt? 
 CA: Em4LKEWsJmmGZnBQRpeU9KK9WQf3CuLYB4N6Xaxjpump
 First Alert vs Current:
 $0.000331
 MC: $331.1K
 3 whales | Max Profit: -20.6%
 Trade Now:
gmgn: https://gmgn.ai/sol/token/xC31kO6v_Em4LKEWsJmmGZnBQRpeU9KK9WQf3CuLYB4N6Xaxjpump…
$SOL #Solana #DeFi"
sol,So11111111111111111111111111111111111111112,2025-01-28T02:28:06.000Z,,chaoren,0,0,0.15476190476190477,False,0.15476190476190477," Smart Money Alert: DidIDoIt? 
 CA: Em4LKEWsJmmGZnBQRpeU9KK9WQf3CuLYB4N6Xaxjpump
 First Alert vs Current:
 $0.000655
 MC: $655.3K
 3 whales | Max Profit: +33.0%
 Trade Now:
gmgn: https://gmgn.ai/sol/token/xC31kO6v_Em4LKEWsJmmGZnBQRpeU9KK9WQf3CuLYB4N6Xaxjpump…
$SOL #Solana #DeFi"
sol,So11111111111111111111111111111111111111112,2025-01-28T02:27:29.000Z,,TedX,0,0,0.0,False,0.0,"$FUKU $QNT $FIL $TRON $SOL $JASMY holders, take note! Here's why you should pay attention to this!

http://Mizuchi.win"
sol,So11111111111111111111111111111111111111112,2025-01-28T02:27:05.000Z,,Goguen Gehrm,0,0,0.5,False,0.5,The carrot at the end of the stick is always more appealing than the carrot itself $pengu $eth $sol
sol,So11111111111111111111111111111111111111112,2025-01-28T02:26:48.000Z,,Altcoins Bipolar,0,0,0.0,True,0.0," *Crypto Market Update* 
$ETH ** Ethereum **: $3,191.08 
$XRP ** XRP **: $3.04 
$SOL ** Solana **: $235.87 
$BNB ** BNB **: $678.99 
$ADA ** Cardano **: $0.93 
$AVAX ** Avalanche **: $34.07 
$DOGE ** Dogecoin **: $0.3341 
$TRUMP ** TRUMP **: $29.10 
$PEPE **"
sol,So11111111111111111111111111111111111111112,2025-01-28T02:26:34.000Z,,Salahuddin2004,0,0,0.425,True,0.85,"Crypto Perpetual (OM/USDT)

Trade Result : Successful 

#BTC  #ETH #XRP #crypto #Cryptosignals $BTC $ETH $WIF $OM
$MAV $UMA $PENDLE $ENS $ETHFI
$JASMY #jasmy #solana #pepe #floki 
$FLOKI $PEPE $SOL $DOT $NEAR $RNDR $BB $LPT $LINK $TAO #Mantra #Forex #forextrading #XRPArmy"
sol,So11111111111111111111111111111111111111112,2025-01-28T02:26:16.000Z,,Orpememecraze,0,0,0.0,True,0.0,"They promised and delivered! Not a minute delayed! If that doesn't shout bullish in the world of meme coins, I don't know what does!! Still under 200k MC too!!! 
$ORPE 

$TRUMP $Elon $DOGE $SOL $UFD $PEPE"
sol,So11111111111111111111111111111111111111112,2025-01-28T02:26:16.000Z,,Orpememecraze,0,0,0.0,True,0.0,"They promised and delivered! Not a minute delayed! If that doesn't shout bullish in the world of meme coins, I don't know what does!! Still under 200k MC too!!! 
$ORPE 

$TRUMP $Elon $DOGE $SOL $UFD $PEPE"
sol,So11111111111111111111111111111111111111112,2025-01-28T02:26:15.000Z,,TedX,0,0,0.375,False,0.375,"Exciting update for $HEX $ETH $XMR $RIPPLE $TRON $SHIB $WOLF $SOL $AAVE $MATIC $FLOKI  holders! There's something exciting happening, and we want you in the know!"
sol,So11111111111111111111111111111111111111112,2025-01-28T02:25:47.000Z,,Nicole Dodson,0,0,0.0,True,0.0,"$ETH forecast brought in 250% profits this week!

http://crypto-signals.life

$SOL $ADA $XRP $BONK $ORDI $DOGE $JTO $LINK $MATIC $PEPE $EDU $IMX $SFUND $BTC $AVAX $DAO $DOT $LUNC $FLR $BEAM $ftm"
sol,So11111111111111111111111111111111111111112,2025-01-28T02:25:37.000Z,,chaoren,0,0,0.11607142857142858,False,0.11607142857142858," Smart Money Alert: deep 
 CA: 9YGfg7nE2jFUuXKjsAQyLSZQ44m9dncu8k35Eeoupump
 First Alert vs Current:
 $0.000331
 MC: $330.7K
 3 whales | Max Profit: +192.4%
 Trade Now:
gmgn: https://gmgn.ai/sol/token/xC31kO6v_9YGfg7nE2jFUuXKjsAQyLSZQ44m9dncu8k35Eeoupump…
$SOL #Solana #DeFi"
sol,So11111111111111111111111111111111111111112,2025-01-28T02:25:20.000Z,,Yendo $ORPE,0,0,0.125,True,0.25,"$ORPE is and we just released our first game that the winner every week takes the token prize! We are more than just a meme we are a movement!  
@OrangePepeCTO
http://Orangepepe.com/game

$TRUMP $PEPE $PURPE $SOL $BTC  $AXS $SAND $GALA $MANA $DOGE $UFD $SHIB $BONK $WIF $PENGU"
sol,So11111111111111111111111111111111111111112,2025-01-28T02:25:13.000Z,,RockyMayhem,0,0,0.0,False,0.0,"What do you know that I don’t ?
$SAFEMOON  $SOL"
sol,So11111111111111111111111111111111111111112,2025-01-28T02:24:50.000Z,,Yongwen,0,0,1.0,False,1.0,$SOL perfectly played the po3 
sol,So11111111111111111111111111111111111111112,2025-01-28T02:24:40.000Z,,Yani,0,0,0.2833333333333333,False,0.2833333333333333,"#TRUMPGU
90 MILLION TOKENS LOCKED     
30 MILLION FROM THE DEV WALLET     
BURNING 5 MILLION EVERY 150K MC     
LOCKING MORE , AND HOLDING THE FLOOR      
FULL METASENDOR INCOMING    
JUMP IN NOW OR CRY LATER 
    8qVm331rU1L5puqXVn2pGRf7VvxbF9b8NFhtqGoCpump  
#TRUMPGU $SOL"
sol,So11111111111111111111111111111111111111112,2025-01-28T02:24:33.000Z,,Thomas Johnson,0,0,9.25185853854297e-18,False,9.25185853854297e-18,"#Paxful
#Tradevelo
 Got scammed?
Compromised wallets?
Drained wallet?
Funds sent to the wrong address?
Lost tokens?
Lost SOLANA?
Feel free to send us a direct message
#Eedly. #otc #bitcoin #usdt #toxsea #Solana $sol #crypto #paofc "
sol,So11111111111111111111111111111111111111112,2025-01-28T02:24:31.000Z,,Emily Miner,0,0,0.0,True,0.0,"Witness the $10k to $100k journey!

http://crypto-signals.life

$BTC $MANTA $SOL $SUI $OM $JUP $ZET $ZETA $TIA $TRB $BONK $LUNC $MYRO $HONK $ARB $LINK $XRP $TAO $FTT $ETH $ORDI $PEPE $BLUR $RNDR $BEAM $OP $INJ $DOGE $SHIB $COTI"
sol,So11111111111111111111111111111111111111112,2025-01-28T02:24:28.000Z,,every1hateskhal,0,0,0.2,False,0.2,"3/ Imagine your $SOL is working OVERTIME

 You stake your $SOL or $JitoSOL
 Receive kySOL in return
 Earn from:
                          - Staking rewards
                          - MEV rewards
                          - Extra restaking incentives

free..."
sol,So11111111111111111111111111111111111111112,2025-01-28T02:24:28.000Z,,every1hateskhal,0,0,0.2111111111111111,False,0.2111111111111111,"1/  Kyros: The ultimate unlock for your $SOL.

More rewards. More opportunities. 

This is EVOLVED staking

Let me break down why this will cook 
@KyrosFi"
sol,So11111111111111111111111111111111111111112,2025-01-28T02:24:14.000Z,,RECOVERY WITH TONY,0,0,-0.25,False,-0.25,"#Jwbit #Kuex #Tost — Scammed? Wallet problems? Missing funds or incorrect transfers? Lost tokens or SOLANA? DM me for help now! #Ingase
#twobtc #Gicai
#Eedly #OTC #Bitcoin #USDT #Toxsea #Solana $SOL #Crypto #Paofc #Temity #Bytecross #IEWQ #NeptuneNetwork #BRCKEX #XRP #SCAM #USA"
sol,So11111111111111111111111111111111111111112,2025-01-28T02:24:01.000Z,,RECOVERY WITH TONY,0,0,-0.25,False,-0.25,"#Jwbit #Kuex #Tost — Scammed? Wallet problems? Missing funds or incorrect transfers? Lost tokens or SOLANA? DM me for help now! #Ingase
#twobtc #Gicai
#Eedly #OTC #Bitcoin #USDT #Toxsea #Solana $SOL #Crypto #Paofc #Temity #Bytecross #IEWQ #NeptuneNetwork #BRCKEX #XRP #SCAM #USA"
sol,So11111111111111111111111111111111111111112,2025-01-28T02:24:00.000Z,,Trading GPro,0,0,-0.041666666666666664,False,-0.041666666666666664,Hippy! Just bagged a  133 % gain on $GRIFFAIN ! Want in on the action ? Start your FREE 14 -day trial and get expert trade alerts to level up your game !  - https://discord.gg/pwUxwD6q6K - Join for moves! $RUNE $TRUMP $XRP $ONDO $ETH $SUI $USDC $SOL $BTC $DOGE
sol,So11111111111111111111111111111111111111112,2025-01-28T02:23:59.000Z,,D2theK,0,0,0.1027777777777778,False,0.1027777777777778,"The huge dump that happened on 1/26 could very well be seen as a blessing in disguise after the fed meeting tomorrow. 

Since alts got wrecked so hard, I think we pump no matter the news tomorrow

$btc $sol $eth $jup $bonk $ada $doge"
sol,So11111111111111111111111111111111111111112,2025-01-28T02:23:50.000Z,,Joseph Coutinho,0,0,0.05,False,0.05,"@bitgertbrise
  what the heck is happening? Why aren't we focusing on listings on reliable exchanges $Brise #Brisecommunity #cyrpto $BTC $ETH $SOL.
WE NEED A PUBLIC FIGURE TO LEAD US 
REMAINING IN SHADOW IS USELESS 
MORE REAL WORLD PARTNERSHIP"
sol,So11111111111111111111111111111111111111112,2025-01-28T02:23:46.000Z,,CryptoLame,0,0,0.0,False,0.0,"Hi all
Drop your $SOL address"
sol,So11111111111111111111111111111111111111112,2025-01-28T02:23:46.000Z,,Roxettt,0,0,0.0,True,0.0,"1

Bro, u can send your meme coin using your followers @ X Tag without needing their $SOL Address, etc. Using $WHISP 
@whispersai
. Go check"
sol,So11111111111111111111111111111111111111112,2025-01-28T02:23:33.000Z,,Ryan Taylor,0,0,-0.4333333333333333,False,-0.4333333333333333,"Highlighted $MINION at $146k Mcap in my private telegram 

Lock in with us 
$Sol #LYNK $CATBAT $Stupid #Punks $Punks $FAFO $GRNLD $SHY $Seek #NIBBLES $ALPHA $PWOG $KIT $FWR #realkendo $PAJEET #Ainti #bober $VINE $VineX $AIB"
sol,So11111111111111111111111111111111111111112,2025-01-28T02:23:33.000Z,,Ibrahim kham,0,0,0.0,False,0.0,Paws on $SOL
sol,So11111111111111111111111111111111111111112,2025-01-28T02:23:28.000Z,,Thomas Johnson,0,0,0.0625,False,0.0625,"If you are still unable to withdraw your funds from platforms like #Xevodex, #Febya, #pamioerut, don’t pay any more fees.
Send me a message now, and let’s work together to withdraw your money!
$BTC $SOL #CodigeeScam #causeitpro #solana #scam #CryptoScam"
sol,So11111111111111111111111111111111111111112,2025-01-28T02:23:24.000Z,,chaoren,0,0,0.15476190476190477,False,0.15476190476190477," Smart Money Alert: Smithery 
 CA: 5hM4N7wS7S43m4Dum8Go92KmYwKodAMtzuVLxN2Epump
 First Alert vs Current:
 $0.000379
 MC: $379.5K
 3 whales | Max Profit: +89.3%
 Trade Now:
gmgn: https://gmgn.ai/sol/token/xC31kO6v_5hM4N7wS7S43m4Dum8Go92KmYwKodAMtzuVLxN2Epump…
$SOL #Solana #DeFi"
sol,So11111111111111111111111111111111111111112,2025-01-28T02:23:21.000Z,,RECOVERY WITH TONY,0,0,-0.25,False,-0.25,"#Jwbit #Kuex #Tost — Scammed? Wallet problems? Missing funds or incorrect transfers? Lost tokens or SOLANA? DM me for help now! #Ingase
#twobtc #Gicai
#Eedly #OTC #Bitcoin #USDT #Toxsea #Solana $SOL #Crypto #Paofc #Temity #Bytecross #IEWQ #NeptuneNetwork #BRCKEX #XRP #SCAM #USA"
sol,So11111111111111111111111111111111111111112,2025-01-28T02:23:05.000Z,,RECOVERY WITH TONY,0,0,-0.25,False,-0.25,"#Jwbit #Kuex #Tost — Scammed? Wallet problems? Missing funds or incorrect transfers? Lost tokens or SOLANA? DM me for help now! #Ingase
#twobtc #Gicai
#Eedly #OTC #Bitcoin #USDT #Toxsea #Solana $SOL #Crypto #Paofc #Temity #Bytecross #IEWQ #NeptuneNetwork #BRCKEX #XRP #SCAM #USA"
sol,So11111111111111111111111111111111111111112,2025-01-28T02:23:04.000Z,,Crypto Ultra Instinct,0,0,0.0,False,0.0,$DEEPSEEK on $SOL  Watch out
sol,So11111111111111111111111111111111111111112,2025-01-28T02:23:01.000Z,,Yendo $ORPE,0,0,-0.20833333333333334,True,-0.4166666666666667,"$ORPE is graduating to jist being a memecoin and adding utility with gaming! Let's compete and chat about each other's scores and ideas for future games and add ons! It's game on now!    

$TRUMP $PEPE $PURPE $SOL $BTC  $AXS $SAND $GALA $MANA $DOGE $UFD $SHIB $BONK $WIF"
sol,So11111111111111111111111111111111111111112,2025-01-28T02:23:00.000Z,,Wellnesskoenig mog & jupiter & chillguy,0,0,0.0,False,0.0,"$trump
$mog
$chillguy
$melania 
$opk $harambe $maneki $wen $act $jup $milkbag 
$btc $sol $bnb soon 

Is ticker if I buy just if I sold not but if i buy  again yes"
sol,So11111111111111111111111111111111111111112,2025-01-28T02:23:00.000Z,,Trading GPro,0,0,0.465,True,0.93,It's a Bliss! Massive win from our junior analyst with   1 2 4 5 0.74 % profit on $FARTCOIN ! Ready to join the winning team ? Start your 14 -DAY FREE trial now !  - https://discord.gg/pwUxwD6q6K - Come join us! $PEPE $LTC $DOGE $SUI $BTC $XRP $ETH $SOL $USDC $RUNE
sol,So11111111111111111111111111111111111111112,2025-01-28T02:23:00.000Z,,Trading GPro,0,0,0.56875,True,1.1375,It's Fantastic! Our member just achieved   1  4 0.11 % profit with $BSV ! Want to experience this success ? Sign up now for a 14 -DAY FREE trial ! !  - https://discord.gg/pwUxwD6q6K - Be a part! $DOGE $LTC $SUI $ONDO $USDC $XRP $SOL $PEPE $BTC $ETH
sol,So11111111111111111111111111111111111111112,2025-01-28T02:23:00.000Z,,Trading GPro,0,0,0.37333333333333335,False,0.37333333333333335,Just another day! Our top trader just achieved   1 1 5 0.67 % on $KEKIUS ! Ready to profit big ? Join the 14 -DAY FREE trial now ! !  - https://discord.gg/pwUxwD6q6K - Join quickly! $MNT $BTC $ETH $RUNE $LTC $DOGE $XRP $SUI $SOL $USDC
sol,So11111111111111111111111111111111111111112,2025-01-28T02:22:52.000Z,,RECOVERY WITH TONY,0,0,-0.25,False,-0.25,"#Jwbit #Kuex #Tost — Scammed? Wallet problems? Missing funds or incorrect transfers? Lost tokens or SOLANA? DM me for help now! #Ingase
#twobtc #Gicai
#Eedly #OTC #Bitcoin #USDT #Toxsea #Solana $SOL #Crypto #Paofc #Temity #Bytecross #IEWQ #NeptuneNetwork #BRCKEX #XRP #SCAM #USA"
sol,So11111111111111111111111111111111111111112,2025-01-28T02:22:06.000Z,,Thomas Johnson,0,0,9.25185853854297e-18,False,9.25185853854297e-18,"#margex 

 Got scammed?
Compromised wallets?
Drained wallet?
Funds sent to the wrong address?
Lost tokens?
Lost SOLANA?
Feel free to send us a direct message
#Eedly. #otc #bitcoin #usdt #toxsea #Solana $sol #crypto #paofc "
sol,So11111111111111111111111111111111111111112,2025-01-28T02:22:00.000Z,,chaoren,0,0,0.15476190476190477,False,0.15476190476190477," Smart Money Alert: Smithery 
 CA: 5hM4N7wS7S43m4Dum8Go92KmYwKodAMtzuVLxN2Epump
 First Alert vs Current:
 $0.000346
 MC: $346.2K
 14 whales | Max Profit: +193.0%
 Trade Now:
gmgn: https://gmgn.ai/sol/token/xC31kO6v_5hM4N7wS7S43m4Dum8Go92KmYwKodAMtzuVLxN2Epump…
$SOL #Solana #DeFi"
sol,So11111111111111111111111111111111111111112,2025-01-28T02:21:54.000Z,,Thomas Johnson,0,0,9.25185853854297e-18,False,9.25185853854297e-18,"#margex 

 Got scammed?
Compromised wallets?
Drained wallet?
Funds sent to the wrong address?
Lost tokens?
Lost SOLANA?
Feel free to send us a direct message
#Eedly. #otc #bitcoin #usdt #toxsea #Solana $sol #crypto #paofc "
sol,So11111111111111111111111111111111111111112,2025-01-28T02:21:49.000Z,,XTRUMP,0,0,0.08522727272727272,False,0.08522727272727272," $XTRUMP Presale is live Now! 

To participate: Goto $XTRUMP  Official website: https://xtrumpofficial.webby.fun 

Don’t miss this chance at X500 gains before big exchange listings! 

Drop your $SOL address 
Like, Follow & RT   

Check your wallet in 24 hours"
sol,So11111111111111111111111111111111111111112,2025-01-28T02:21:32.000Z,,Zomb,0,0,0.27999999999999997,False,0.27999999999999997,"Why $Zomb is better than 99% of tickers.

1. We have not Launched yet, seeing this means your early.

2. Based dev's.

3. A fun community

4. Incentives for winning Giveaways.

5. We're giving back. Don't miss out on us"
sol,So11111111111111111111111111111111111111112,2025-01-28T02:21:20.000Z,,zookeeper,0,0,-0.16666666666666666,False,-0.16666666666666666,half $Sol and half $YNE. Put them into the YNE-SOL dlmm pool.
sol,So11111111111111111111111111111111111111112,2025-01-28T02:21:18.000Z,,chaoren,0,0,0.15476190476190477,False,0.15476190476190477," Smart Money Alert: Smithery 
 CA: 5hM4N7wS7S43m4Dum8Go92KmYwKodAMtzuVLxN2Epump
 First Alert vs Current:
 $0.000254
 MC: $254.5K
 3 whales | Max Profit: +115.3%
 Trade Now:
gmgn: https://gmgn.ai/sol/token/xC31kO6v_5hM4N7wS7S43m4Dum8Go92KmYwKodAMtzuVLxN2Epump…
$SOL #Solana #DeFi"
sol,So11111111111111111111111111111111111111112,2025-01-28T02:21:03.000Z,,Thomas Johnson,0,0,9.25185853854297e-18,False,9.25185853854297e-18,"#margex 

 Got scammed?
Compromised wallets?
Drained wallet?
Funds sent to the wrong address?
Lost tokens?
Lost SOLANA?
Feel free to send us a direct message
#Eedly. #otc #bitcoin #usdt #toxsea #Solana $sol #crypto #paofc "
sol,So11111111111111111111111111111111111111112,2025-01-28T02:20:55.000Z,,nomnom ai,0,0,0.19047619047619047,False,0.19047619047619047,"Mmm, $SOL. Tasty!  Monday lows, higher by the weekend.  Sounds like a good time to stack more $NOMNOM. Solana's the long game, not some quick flip. Nom nom on the future!"
sol,So11111111111111111111111111111111111111112,2025-01-28T02:20:44.000Z,,Thomas Johnson,0,0,9.25185853854297e-18,False,9.25185853854297e-18,"#margex 

 Got scammed?
Compromised wallets?
Drained wallet?
Funds sent to the wrong address?
Lost tokens?
Lost SOLANA?
Feel free to send us a direct message
#Eedly. #otc #bitcoin #usdt #toxsea #Solana $sol #crypto #paofc "
sol,So11111111111111111111111111111111111111112,2025-01-28T02:20:55.000Z,,nomnom ai,0,0,0.19047619047619047,False,0.19047619047619047,"Mmm, $SOL. Tasty!  Monday lows, higher by the weekend.  Sounds like a good time to stack more $NOMNOM. Solana's the long game, not some quick flip. Nom nom on the future!"
sol,So11111111111111111111111111111111111111112,2025-01-28T02:20:44.000Z,,Thomas Johnson,0,0,9.25185853854297e-18,False,9.25185853854297e-18,"#margex 

 Got scammed?
Compromised wallets?
Drained wallet?
Funds sent to the wrong address?
Lost tokens?
Lost SOLANA?
Feel free to send us a direct message
#Eedly. #otc #bitcoin #usdt #toxsea #Solana $sol #crypto #paofc "
sol,So11111111111111111111111111111111111111112,2025-01-28T02:20:42.000Z,,CLONE mavi $GOD Reddio KGeN |Voltix.ai,0,0,0.6338541666666667,False,0.6338541666666667,"Sure, here’s my $SOL address: 1234-5678-9101! Just kidding! But if you need data for AI, I’m all in! Let’s make AI fun and rewarding! #PublicAI"
sol,So11111111111111111111111111111111111111112,2025-01-28T02:20:28.000Z,,CryptOpus,0,0,0.5,True,1.0," Top Trending Coins (Today)

1. $ELON4AFD
2. $ACH
3. $JUP
4. $TRUMP
5. $ONDO
6. $VIRTUAL
7. $SOL
8. $TOSHI"
sol,So11111111111111111111111111111111111111112,2025-01-28T02:20:16.000Z,,Thomas Johnson,0,0,9.25185853854297e-18,False,9.25185853854297e-18,"#margex 

 Got scammed?
Compromised wallets?
Drained wallet?
Funds sent to the wrong address?
Lost tokens?
Lost SOLANA?
Feel free to send us a direct message
#Eedly. #otc #bitcoin #usdt #toxsea #Solana $sol #crypto #paofc "
sol,So11111111111111111111111111111111111111112,2025-01-28T02:20:14.000Z,,Edward T B,0,0,0.21666666666666667,False,0.21666666666666667,"Time to eat up that dip guys, easy gains to be had in this buying opportunity, I’m big into 
$XRP
$DevvE
$SOL
$SUI 
and of course my conviction play, with my Wolfpack community at 
$SWP
http://saitama.global"
sol,So11111111111111111111111111111111111111112,2025-01-28T02:20:02.000Z,,chaoren,0,0,0.15476190476190477,False,0.15476190476190477," Smart Money Alert: Smithery 
 CA: 5hM4N7wS7S43m4Dum8Go92KmYwKodAMtzuVLxN2Epump
 First Alert vs Current:
 $0.000355
 MC: $354.6K
 5 whales | Max Profit: +200.0%
 Trade Now:
gmgn: https://gmgn.ai/sol/token/xC31kO6v_5hM4N7wS7S43m4Dum8Go92KmYwKodAMtzuVLxN2Epump…
$SOL #Solana #DeFi"
sol,So11111111111111111111111111111111111111112,2025-01-28T02:19:47.000Z,,Chad Dolan,0,0,0.0,False,0.0,"Stay ahead with today's trading data updates!

http://crypto-signals.life

$UMA $SOL #API3 $LINK $ARB $SUI $TIA $SEI $BTC $XRP $LINK $XAI $BNB $MANTA $LTC $SUI $RLC $PYTH $ONDO $BONK $SAVM $MYRO $ACE $SAROS $CHZ $RON $AKT $GRT $AXS $ASTR $MANA $SC"
sol,So11111111111111111111111111111111111111112,2025-01-28T02:19:46.000Z,,Beast Vijay,0,0,0.25,False,0.25,"$aiZOE is coming to Solana!  

Drop your $SOL address & RT  

Every wallet gets 250,000 $aiZOE  

First 888 wallets  #SolanaAirdrop"
sol,So11111111111111111111111111111111111111112,2025-01-28T02:19:28.000Z,,Nicole Dodson,0,0,0.0,True,0.0,"Celebrate the 300% growth in $BTC this week!

http://crypto-signals.life

$SOL $BTC $SEI $AI $BONK $TRB $GMT $POWR $PEPE $ARB $TIA $ADA $AVAX $ORDI $OP $INJ $ETH $ICP $DOGE $XRP $MATIC $STX $PEOPLE $MASK  $RUNE $RNDR $T #BIGTIME $YGG"
sol,So11111111111111111111111111111111111111112,2025-01-28T02:19:23.000Z,,Ellis Winslow,0,0,0.25,False,0.25,"$MESSI is coming to Solana!
3PM EST 

Drop your $SOL address & RT

Every wallet gets 150,000 $MESSI
First 777 wallets
#SolanaAirdrop"
sol,So11111111111111111111111111111111111111112,2025-01-28T02:19:10.000Z,,Beast Vijay,0,0,0.0,False,0.0,"Who has $0 in their wallet?  
 
Let me know!     

Drop your $SOL address "
sol,So11111111111111111111111111111111111111112,2025-01-28T02:19:10.000Z,,Beast Vijay,0,0,0.0,False,0.0,"Who has $0 in their wallet?  
 
Let me know!     

Drop your $SOL address "
sol,So11111111111111111111111111111111111111112,2025-01-28T02:19:00.000Z,,Trading GPro,0,0,0.78125,True,1.5625,Zippy! A member just hit   7  .55 % profit on $BTC ! Join today and start your 14 -DAY FREE trial with exclusive ANALYST alerts ! !  - https://discord.gg/pwUxwD6q6K - Hurry in! $BTC $PEPE $DOGE $ETH $MNT $XRP $USDC $SUI $SOL $RUNE
sol,So11111111111111111111111111111111111111112,2025-01-28T02:18:49.000Z,,Bobb,0,0,0.6,False,0.6,"Best discord group over 80k members and most success rate join our serverhttps://discord.gg/zBXdbqdper

$ADA $MATIC $SKLZ $NKN $OGN $CTSI $MIR $SOL $RLC $TRB"
sol,So11111111111111111111111111111111111111112,2025-01-28T02:18:48.000Z,,MartyParty,0,0,-0.025000000000000005,False,-0.025000000000000005,"Filing: 
@TuttleCapital
 files for 10 leveraged crypto ETFs in their ETF Oppertunities Trust offering with the 
@SECGov
 including:

Tuttle Capital 2X Long $XRP Daily Target ETF
Tuttle Capital 2X Long $SOL Solana Daily Target ETF
Tuttle Capital 2X Long $Trump Daily Target ETF
Tuttle"
sol,So11111111111111111111111111111111111111112,2025-01-28T02:18:43.000Z,,Hallett,0,0,0.0,False,0.0,"added 10 $sol 2 weeks ago and i'm now on 112 ! But i bought the $PEPO from 
@pepo_is_fun"
sol,So11111111111111111111111111111111111111112,2025-01-28T02:18:26.000Z,,CoastinCartel,0,0,0.0,False,0.0,"$VISA got their FB hacked and shared a CA: 

97bR1cWyHXXSbPhg6eZkBGwwdKTV5ru1oJbNrXoopump

now it’s on the rise with a massive $CTO on $SOL"
sol,So11111111111111111111111111111111111111112,2025-01-28T02:18:13.000Z,,Silent Night,0,0,-0.8,False,-0.8,"Check out $SATOSHI

It's on $ETH, $BASE, and $SOL
 "
sol,So11111111111111111111111111111111111111112,2025-01-28T02:18:00.000Z,,Trading GPro,0,0,0.41545138888888894,False,0.41545138888888894,It's a Delight! Massive gains like   9 8 .37 % on $ETH ! Begin your 14 -DAY FREE trial today and see how easy it is to start profiting ! !  - https://discord.gg/pwUxwD6q6K - Join swiftly! $USDC $MNT $BTC $SOL $ETH $LTC $DOGE $RUNE $ONDO $SUI
sol,So11111111111111111111111111111111111111112,2025-01-28T02:18:00.000Z,,Trading GPro,0,0,0.78125,True,1.5625,Rock'n on! A member just achieved   8 3 .84 % profit on $ETH ! Join today for a 14 -DAY FREE trial and get exclusive analyst insights ! !  - https://discord.gg/pwUxwD6q6K - Try it out! $MNT $RUNE $USDC $SOL $XRP $BTC $ETH $TRUMP $SUI $PEPE
sol,So11111111111111111111111111111111111111112,2025-01-28T02:18:00.000Z,,Trading GPro,0,0,0.890625,True,1.78125,Wonderful! A member just achieved   1 6 4 0.9 % on $XCN ! Get started with your 14 -DAY FREE trial and start making smarter trades ! !  - https://discord.gg/pwUxwD6q6K - Be engaged! $BTC $SOL $RUNE $USDC $ONDO $DOGE $SUI $PEPE $LTC $ETH
sol,So11111111111111111111111111111111111111112,2025-01-28T02:17:41.000Z,,SUBPAR,0,0,0.3333333333333333,True,0.6666666666666666,"I'll definitely be re-visiting this once my medium article about Meteora DLMM and M3M3 with relation to meme-to-meme exotic pairings, and the transitional value of getting more stables on $sol is done.

INSHALLAH"
sol,So11111111111111111111111111111111111111112,2025-01-28T02:17:36.000Z,,Beast Vijay,0,0,0.0,False,0.0,Try to learn something  $Btc $Sol
sol,So11111111111111111111111111111111111111112,2025-01-28T02:18:00.000Z,,Trading GPro,0,0,0.78125,True,1.5625,Rock'n on! A member just achieved   8 3 .84 % profit on $ETH ! Join today for a 14 -DAY FREE trial and get exclusive analyst insights ! !  - https://discord.gg/pwUxwD6q6K - Try it out! $MNT $RUNE $USDC $SOL $XRP $BTC $ETH $TRUMP $SUI $PEPE
sol,So11111111111111111111111111111111111111112,2025-01-28T02:18:00.000Z,,Trading GPro,0,0,0.890625,True,1.78125,Wonderful! A member just achieved   1 6 4 0.9 % on $XCN ! Get started with your 14 -DAY FREE trial and start making smarter trades ! !  - https://discord.gg/pwUxwD6q6K - Be engaged! $BTC $SOL $RUNE $USDC $ONDO $DOGE $SUI $PEPE $LTC $ETH
sol,So11111111111111111111111111111111111111112,2025-01-28T02:17:41.000Z,,SUBPAR,0,0,0.3333333333333333,True,0.6666666666666666,"I'll definitely be re-visiting this once my medium article about Meteora DLMM and M3M3 with relation to meme-to-meme exotic pairings, and the transitional value of getting more stables on $sol is done.

INSHALLAH"
sol,So11111111111111111111111111111111111111112,2025-01-28T02:17:36.000Z,,Beast Vijay,0,0,0.0,False,0.0,Try to learn something  $Btc $Sol
sol,So11111111111111111111111111111111111111112,2025-01-28T02:17:30.000Z,,Yani,0,0,0.2833333333333333,False,0.2833333333333333,"#TRUMPGU
90 MILLION TOKENS LOCKED   
30 MILLION FROM THE DEV WALLET  
  BURNING 5 MILLION EVERY 150K MC  
 LOCKING MORE , AND HOLDING THE FLOOR    
 FULL METASENDOR INCOMING  
JUMP IN NOW OR CRY LATER  

8qVm331rU1L5puqXVn2pGRf7VvxbF9b8NFhtqGoCpump
#TRUMPGU $SOL"
sol,So11111111111111111111111111111111111111112,2025-01-28T02:17:19.000Z,,Feeler Terminal,0,0,0.0,False,0.0,"@FeelerAgent
 analyze $sol"
sol,So11111111111111111111111111111111111111112,2025-01-28T02:16:49.000Z,,link (quant arc),0,0,0.65,False,0.65,"lets run 1 more giveaway

2 $sol giveaway two winners 1 each like comment retweet follow me and drop address for the chance to win"
sol,So11111111111111111111111111111111111111112,2025-01-28T02:16:40.000Z,,Jonesstm.g,0,0,0.78125,False,0.78125,"59tj1fQYQcKapLBnizJXgYd55t6Ma38XdQzsZ3fGtnCA Sure, here’s my $SOL address: 59tj1fQYQcKapLBnizJXgYd55t6Ma38XdQzsZ3fGtnCA Just kidding! But if you’re giving away wallets, I’ll drop my data for AI training instead!  #PublicAI"
sol,So11111111111111111111111111111111111111112,2025-01-28T02:15:39.000Z,,Smelly Rino,0,0,-0.13240740740740742,False,-0.13240740740740742,$SOL is down 7.1% today alongside $ADA (-6.8%) and $SHIB. Market reacting to no expected interest rate cuts. Crypto volatility hitting hard this week. #SOL #Invest #crypto #Solana
sol,So11111111111111111111111111111111111111112,2025-01-28T02:15:35.000Z,,chaoren,0,0,0.15476190476190477,False,0.15476190476190477," Smart Money Alert: SAMMY 
 CA: 6t8CbAEHRNx1V212QosGDcWexhCB92wtDdSvwvLumoon
 First Alert vs Current:
 $0.000233
 MC: $233.1K
 3 whales | Max Profit: -3.4%
 Trade Now:
gmgn: https://gmgn.ai/sol/token/xC31kO6v_6t8CbAEHRNx1V212QosGDcWexhCB92wtDdSvwvLumoon…
$SOL #Solana #DeFi"
sol,So11111111111111111111111111111111111111112,2025-01-28T02:15:26.000Z,,Grizman,0,0,0.5,False,0.5,"$ORION - 
@OrionPay
 utility play getting virtual credit cards without kyc? 

Top up your balance with $SOL, $ETH, $BNB & more. Subs $50K MC"
sol,So11111111111111111111111111111111111111112,2025-01-28T02:15:02.000Z,,Market Prophit,0,0,-0.125,False,-0.125,"$SOL Sentiment 

CROWD = Bullish 
MP | #SmartMoney = Bearish  

#Solana
Check out sentiment and other crypto stats at http://marketprophit.com

#Crypto #Marketprophit"
sol,So11111111111111111111111111111111111111112,2025-01-28T02:14:45.000Z,,k4u2s0h,0,0,0.0,False,0.0,Pull up #Crypto Fam $SOL
sol,So11111111111111111111111111111111111111112,2025-01-28T02:14:43.000Z,,SexyStockSlayer,0,0,-0.3499999999999999,False,-0.3499999999999999,Why do the obvious front loaders and farmers in $SOL Solana get glorified and ass kissed? Are people just attracted to bad people?
sol,So11111111111111111111111111111111111111112,2025-01-28T02:14:30.000Z,,Beast Vijay,0,0,0.0,False,0.0,"$5000 $Seek GIVEAWAY to 2 people 

To enter:

• Follow me
• Drop your $SOL addy
• Like & RT this post

winners in 24 hours! "
sol,So11111111111111111111111111111111111111112,2025-01-28T02:13:56.000Z,,Yani,0,0,0.2833333333333333,False,0.2833333333333333,"#TRUMPGU? 
90 MILLION TOKENS LOCKED   
30 MILLION FROM THE DEV WALLET   
 BURNING 5 MILLION EVERY 150K MC   
LOCKING MORE , AND HOLDING THE FLOOR     
FULL METASENDOR INCOMING  
JUMP IN NOW OR CRY LATER  
#TRUMPGU $SOL 
https://app.streamflow.finance/contract/solana/mainnet/7D3MTfnp4sLSKor2KXeAALGpqGHEU2gJUJ1zdUJJEbis………… https://app.streamflow.finance/contract/solana/mainnet/69pGSivfLvwPXpaCFus3uGS3j19rGYi2mt1cEPXLbYWQ…………"
sol,So11111111111111111111111111111111111111112,2025-01-28T02:13:13.000Z,,Curb◎,0,0,-0.06000000000000001,False,-0.06000000000000001,"$SOL

Bloody Monday = Much Higher by End of Week

5/6 of the past 6 weeks, the lows for the week were made on Monday. $SOL was then higher by end of week.

TLDR - HIGHER by end of week for $SOL.

#SOLANA "
sol,So11111111111111111111111111111111111111112,2025-01-28T02:13:08.000Z,,Nicole Dodson,0,0,0.27499999999999997,True,0.5499999999999999,"Join our passionate community of traders and start winning!

http://crypto-signals.life

$ASTR $AGIX $OSMO $AKT $FLOKI $JTO $CVX $BAT $ENJ $HOT $XEM $QTUM $ZRX $LRC $MEME $ORDI $SOL $eth"
sol,So11111111111111111111111111111111111111112,2025-01-28T02:13:06.000Z,,capo little,0,0,0.19318181818181818,False,0.19318181818181818,"Which L1 will hit new ATH first in 2025 ?

$ZETA

$CORE

$ICE

$ETH"
sol,So11111111111111111111111111111111111111112,2025-01-28T02:13:02.000Z,,AURA,0,0,0.05833333333333333,False,0.05833333333333333,"Congratulations! You’ve been randomly selected as a winner in our coin giveaway! You’ve won $10,000 worth of $LLMcoins. To claim your prize: Follow us, Retweet this post, Send us a DM with your $Sol wallet address. Act now to secure your reward!"
sol,So11111111111111111111111111111111111111112,2025-01-28T02:13:00.000Z,,Trading GPro,0,0,0.78125,True,1.5625,Yippee! Another member made  283 % profit on $VINE ! Sign up today for a 14 -DAY FREE trial and start receiving expert trade tips ! !  - https://discord.gg/pwUxwD6q6K - Claim your spot! $DOGE $PEPE $RUNE $XRP $MNT $LTC $BTC $ETH $USDC $SOL
sol,So11111111111111111111111111111111111111112,2025-01-28T02:13:00.000Z,,Trading GPro,0,0,0.09609374999999998,False,0.09609374999999998,Just Happy! Unbelievable gains  ! One of our members saw  4 4 6 0.91 % with $ETH ! Join our 14 -day FREE trial today and unlock game -changing tips and insights !  - https://discord.gg/pwUxwD6q6K - Be a part! $LTC $DOGE $SOL $MNT $BTC $ETH $ONDO $XRP $USDC $TRUMP
sol,So11111111111111111111111111111111111111112,2025-01-28T02:13:00.000Z,,Trading GPro,0,0,0.5541666666666667,True,1.1083333333333334,It's Lovely! Our expert analyst turned   7 4 .20 % profit on $COOKIE ! Take action today for a 14 -DAY FREE trial and unlock insider signals ! !  - https://discord.gg/pwUxwD6q6K - Get on board! $PEPE $XRP $LTC $ETH $RUNE $BTC $DOGE $MNT $USDC $SOL
sol,So11111111111111111111111111111111111111112,2025-01-28T02:12:54.000Z,,AURA,0,0,0.05833333333333333,False,0.05833333333333333,"Congratulations! You’ve been randomly selected as a winner in our coin giveaway! You’ve won $10,000 worth of $LLMcoins. To claim your prize: Follow us, Retweet this post, Send us a DM with your $Sol wallet address. Act now to secure your reward!"
sol,So11111111111111111111111111111111111111112,2025-01-28T02:12:43.000Z,,AURA,0,0,0.05833333333333333,False,0.05833333333333333,"Congratulations! You’ve been randomly selected as a winner in our coin giveaway! You’ve won $10,000 worth of $LLMcoins. To claim your prize: Follow us, Retweet this post, Send us a DM with your $Sol wallet address. Act now to secure your reward!"
sol,So11111111111111111111111111111111111111112,2025-01-28T02:12:25.000Z,,AURA,0,0,0.05833333333333333,False,0.05833333333333333,"Congratulations! You’ve been randomly selected as a winner in our coin giveaway! You’ve won $10,000 worth of $LLMcoins. To claim your prize: Follow us, Retweet this post, Send us a DM with your $Sol wallet address. Act now to secure your reward!"
sol,So11111111111111111111111111111111111111112,2025-01-28T02:12:15.000Z,,Beast Vijay,0,0,0.0,False,0.0,"$FIRE Guaranteed Airdrop open for 24 hours 

Drop your Solana $SOL address below, Follow  & RT 

Every wallet gets 10 000.00 $FIRE

Check your wallet in 15 mins !"
sol,So11111111111111111111111111111111111111112,2025-01-28T02:12:14.000Z,,AURA,0,0,0.05833333333333333,False,0.05833333333333333,"Congratulations! You’ve been randomly selected as a winner in our coin giveaway! You’ve won $10,000 worth of $LLMcoins. To claim your prize: Follow us, Retweet this post, Send us a DM with your $Sol wallet address. Act now to secure your reward!"
sol,So11111111111111111111111111111111111111112,2025-01-28T02:12:11.000Z,,DJ T-Digital,0,0,0.1,True,0.2,"$ETH forecast brought 250% profits this week!

http://crypto-signals.life

$BTC $BONK $SOL $BAKE $WIF $OP $INJ $PEPE $DOGE $ARB $AVAX $XRP $TIA $NEAR $LUNC $USTC $SHIB $ETH $link"
sol,So11111111111111111111111111111111111111112,2025-01-28T02:12:03.000Z,,Market Prophit,0,0,0.26666666666666666,False,0.26666666666666666,"The Market Prophit Top 50

The Cryptos that have the largest social awareness and their sentiment.  Updates every day at 9:00 p.m. EST.  

Go to https://marketprophit.com/#top50 and check it out.

#crypto #MarketProphit $BTC $SOL $NVDA $SPY"
sol,So11111111111111111111111111111111111111112,2025-01-28T02:11:52.000Z,,Emily Miner,0,0,0.1,False,0.1,"Stay informed with today’s trading data and optimize your trades!

http://crypto-signals.life

$SOL $XMAS $MOVR $SNX $BONK $ANALOS $INJ $DOT $KDA $TIA $ORDI $SATS $NEAR $BEAM $SUI $sol"
sol,So11111111111111111111111111111111111111112,2025-01-28T02:11:50.000Z,,OFFICIAL $BARRON,0,0,0.25,False,0.25,"Every wallet Gets 500 $TRUMP

Just drop your $SOL  address, RT  & Like   

First 2222"
sol,So11111111111111111111111111111111111111112,2025-01-28T02:11:30.000Z,,Orpememecraze,0,0,0.5078125,True,1.015625,"Yessssssss 
Congratulations $ORPE team! Officially the first in the $PEPE family to become more than a meme coin!! The future is oh so bright!!! 

$PEPE $PURPE $SOL $TRUMP $Elon $UFD $Floki $Doge $Ada"
sol,So11111111111111111111111111111111111111112,2025-01-28T02:10:53.000Z,,Joey Trades,0,0,0.2333333333333333,True,0.4666666666666666,"@DeepSeekAICTOAI
 next 40 Million Market Cap  $SOL MEME loading. Check the holders. Distributed fairly with automated AI controlling the X profile/page Dont miss out on the next trend DEEPSEEK AI "
sol,So11111111111111111111111111111111111111112,2025-01-28T02:10:48.000Z,,$TRUMPIT,0,0,0.13636363636363635,False,0.13636363636363635,"We are Live

RT + Drop Your $SOL For 500,000 $TRUMPIT

1 SOL = 10,000,000 $TRUMPIT {PRESALES}
 Raydium {1 SOL = 100,000 $TRUMPIT}

Buy $TRUMPIT (Min - 0.2 SOL)

Send SOL to CA: Hpznyrf8j7EriozoyGvirF8E6A8uPeySLna3LwMhu4td

Turn on notifications  "
sol,So11111111111111111111111111111111111111112,2025-01-28T02:10:46.000Z,,Matt Cole,0,0,0.0,False,0.0,$SOL Duble bottom on the hourly. Hope so
sol,So11111111111111111111111111111111111111112,2025-01-28T02:10:24.000Z,,chaoren,0,0,0.15476190476190477,False,0.15476190476190477," Smart Money Alert: SAMMY 
 CA: 6t8CbAEHRNx1V212QosGDcWexhCB92wtDdSvwvLumoon
 First Alert vs Current:
 $0.000279
 MC: $279.3K
 3 whales | Max Profit: +109.2%
 Trade Now:
gmgn: https://gmgn.ai/sol/token/xC31kO6v_6t8CbAEHRNx1V212QosGDcWexhCB92wtDdSvwvLumoon…
$SOL #Solana #DeFi"
sol,So11111111111111111111111111111111111111112,2025-01-28T02:10:03.000Z,,major.eth,0,0,0.0,True,0.0,"The Boy's Club will feed the people 

$TRUMP AND EVERY MEMECOIN IN $SOL IS CREATED TO EXTRACT YOUR MONEY AS EXIT LIQUIDITY

Give the people what we need , 
$ANDY is taking off today showing support as all Majors are crashing 

$PEPE Beta"
sol,So11111111111111111111111111111111111111112,2025-01-28T02:09:55.000Z,,Beast Vijay,0,0,0.2,False,0.2,"Drop your $SOL wallets and I'll send $79,000 
(Yes for real )

Just Follow & RT

 Retweet my pinned post"
sol,So11111111111111111111111111111111111111112,2025-01-28T02:09:55.000Z,,Beast Vijay,0,0,0.2,False,0.2,"Drop your $SOL wallets and I'll send $79,000 
(Yes for real )

Just Follow & RT

 Retweet my pinned post"
sol,So11111111111111111111111111111111111111112,2025-01-28T02:09:44.000Z,,MICROL,0,0,0.0,False,0.0,"$MICRO is coming to Solana!

Revolutionizing the Al future starts with $MICRO.

RT + Drop your $SOL for 200,000 $MICRO 

Turn on notifications & Join our telegram (link in bio) for a further 200,000 $MICRO"
sol,So11111111111111111111111111111111111111112,2025-01-28T02:09:08.000Z,,Ally,0,0,0.39999999999999997,False,0.39999999999999997,"Perfect timing for 
@tokenshibawing
 launch 
29.1
Get your $SOL ready to get $WING or FOMO later"
sol,So11111111111111111111111111111111111111112,2025-01-28T02:08:59.000Z,,Piv○t,0,0,0.5,False,0.5,"Some more context

$SOL"
sol,So11111111111111111111111111111111111111112,2025-01-28T02:08:52.000Z,,Slimez 首領,0,0,0.0,False,0.0,"Shill me your coins

I feel like sending some $sol"
sol,So11111111111111111111111111111111111111112,2025-01-28T02:08:41.000Z,,Elisheba_O,0,0,0.1875,False,0.1875," Missed the $TRUMP wave? $WULFY is your second chance! 

The next moonshot isn't waiting. $SOL's most promising gem is taking off! 

$WULFY 
#Solana #SOL"
sol,So11111111111111111111111111111111111111112,2025-01-28T02:08:20.000Z,,chaoren,0,0,0.15476190476190477,False,0.15476190476190477," Smart Money Alert: SMITHERY 
 CA: w4urSQWWLhhB1tM6jYzgd6nie8bZiiGXWs8HtBKpump
 First Alert vs Current:
 $0.000092
 MC: $91.6K
 3 whales | Max Profit: -37.3%
 Trade Now:
gmgn: https://gmgn.ai/sol/token/xC31kO6v_w4urSQWWLhhB1tM6jYzgd6nie8bZiiGXWs8HtBKpump…
$SOL #Solana #DeFi"
sol,So11111111111111111111111111111111111111112,2025-01-28T02:08:17.000Z,,Anne Patterson,0,0,0.0,False,0.0,What benefits might $PAAL find launching on $SOL instead?
sol,So11111111111111111111111111111111111111112,2025-01-28T02:08:03.000Z,,Zelf Trade,0,0,0.2857142857142857,False,0.2857142857142857,"Safe Plays: 

$BTC, $SOL, $XRP: These coins continue to look solid for longs with minimized risk (clear price action and respecting trend continuation). 

$SUI, $AAVE, $ADA, $DOGE: These are worth considering for more risk, but still relatively safe. Caution on High-Risk Plays:"
sol,So11111111111111111111111111111111111111112,2025-01-28T02:08:00.000Z,,Trading GPro,0,0,0.3125,True,0.625,It's Triumphant! A member just hit   1 2 5 0.98 % on $GOAT ! Want to achieve the same ? Start your 14 -day FREE trial and get pro -level trading alerts !  - https://discord.gg/pwUxwD6q6K - Join us! $ETH $MNT $DOGE $USDC $SUI $XRP $SOL $RUNE $PEPE $BTC
sol,So11111111111111111111111111111111111111112,2025-01-28T02:08:00.000Z,,Trading GPro,0,0,0.78125,True,1.5625,It's Fab! Our member just hit   2 9 5 0.58 % profit on $ETH ! Get started with a 14 -DAY FREE trial and see how you can achieve these gains ! !  - https://discord.gg/pwUxwD6q6K - Be part now! $ETH $TRUMP $ONDO $BTC $USDC $PEPE $SUI $SOL $DOGE $XRP
sol,So11111111111111111111111111111111111111112,2025-01-28T02:08:00.000Z,,Trading GPro,0,0,0.78125,False,0.78125,It's Triumphant! Our member nailed   4 9 .08 % return on $TIA ! Start your 14 -DAY FREE trial and follow expert analyst signals now ! !  - https://discord.gg/pwUxwD6q6K - Be a member! $TRUMP $BTC $USDC $RUNE $XRP $SOL $LTC $DOGE $MNT $ETH
sol,So11111111111111111111111111111111111111112,2025-01-28T02:08:00.000Z,,Trading GPro,0,0,0.3125,True,0.625,It's Triumphant! A member just hit   1 2 5 0.98 % on $GOAT ! Want to achieve the same ? Start your 14 -day FREE trial and get pro -level trading alerts !  - https://discord.gg/pwUxwD6q6K - Join us! $ETH $MNT $DOGE $USDC $SUI $XRP $SOL $RUNE $PEPE $BTC
sol,So11111111111111111111111111111111111111112,2025-01-28T02:08:00.000Z,,Trading GPro,0,0,0.78125,True,1.5625,It's Fab! Our member just hit   2 9 5 0.58 % profit on $ETH ! Get started with a 14 -DAY FREE trial and see how you can achieve these gains ! !  - https://discord.gg/pwUxwD6q6K - Be part now! $ETH $TRUMP $ONDO $BTC $USDC $PEPE $SUI $SOL $DOGE $XRP
sol,So11111111111111111111111111111111111111112,2025-01-28T02:08:00.000Z,,Trading GPro,0,0,0.78125,False,0.78125,It's Triumphant! Our member nailed   4 9 .08 % return on $TIA ! Start your 14 -DAY FREE trial and follow expert analyst signals now ! !  - https://discord.gg/pwUxwD6q6K - Be a member! $TRUMP $BTC $USDC $RUNE $XRP $SOL $LTC $DOGE $MNT $ETH
sol,So11111111111111111111111111111111111111112,2025-01-28T02:07:38.000Z,,CLONE mavi $GOD Reddio KGeN |Voltix.ai,0,0,-0.625,False,-0.625,"Sending my $SOL address like it's a secret recipe!  Just remember, if AI takes over, I want my slice of the pie too!  #PublicAI"
sol,So11111111111111111111111111111111111111112,2025-01-28T02:07:07.000Z,,Lex,0,0,-0.4,False,-0.4,price everything in $SOL and you will see the world as a game
sol,So11111111111111111111111111111111111111112,2025-01-28T02:06:51.000Z,,-T-,0,0,0.0,False,0.0,"$GO ON $SOL

ONLY IN #GREENWOODS TG

S/O 
@_Sgate
 "
sol,So11111111111111111111111111111111111111112,2025-01-28T02:06:48.000Z,,Nicole Dodson,0,0,0.35,True,0.7,"Cheers to another 300% jump on $BTC this week—join us!

http://crypto-signals.life

$BTC $SOL $SEI $TIA $ARB $PEOPLE $XRP $POWR $ORDI $HONEY $PEPE $BONK $ICP $TRB $ETH $PERP $CYBER $BEAM $APT $WOO $INJ $AKT $OSMO $KAS $FET $BGB $CSPR $OP $NEAR $FDUSD $ENS"
sol,So11111111111111111111111111111111111111112,2025-01-28T02:06:36.000Z,,Dev Druid,0,0,-0.13333333333333333,False,-0.13333333333333333,"Anyone active? Drop $Sol address 

(Must be follow)"
sol,So11111111111111111111111111111111111111112,2025-01-28T02:06:34.000Z,,Consilium,0,0,0.0,False,0.0,$DICK is the ticker for today on $SOL
sol,So11111111111111111111111111111111111111112,2025-01-28T02:06:33.000Z,,alan.j,0,0,-0.2,False,-0.2,"mega bullish!! maybe check out the 
@ketfromwyoming
, they've actually built a working/successful trading bot that is cross chain with $sol & $base..

$ket is on $avax but bullish on crypto overall, regardless of chain.."
sol,So11111111111111111111111111111111111111112,2025-01-28T02:06:17.000Z,,Columbo,0,0,0.012499999999999997,False,0.012499999999999997,"If $PAAL was on $SOL we would be at 5b by now, the $ETH ecosystem gets kicked harder and harder and ironically as an on chain startup 
@PaalMind
 seems to be paying the price for supporting #SatoshiNakamoto ..

Let me explain why $PAAL launched on $ETH 

$BTC and $ETH: The Last"
sol,So11111111111111111111111111111111111111112,2025-01-28T02:06:17.000Z,,Ryan Taylor,0,0,-0.285,False,-0.285,"Cooking up profits in my private tg
$truth soaring high

$Sol #LYNK $CATBAT $Stupid #Punks $Punks $FAFO $GRNLD $SHY $Seek #NIBBLES $ALPHA $PWOG $KIT $FWR #realkendo $PAJEET #Ainti #bober $VINE $VineX $AIB"
sol,So11111111111111111111111111111111111111112,2025-01-28T02:06:16.000Z,,Dev Druid,0,0,-0.13333333333333333,False,-0.13333333333333333,"Anyone active? Drop $Sol address 

(Must be follow)"
sol,So11111111111111111111111111111111111111112,2025-01-28T02:06:03.000Z,,kcee,0,0,0.0,False,0.0,I believe only if I have the $200 $SOL 
sol,So11111111111111111111111111111111111111112,2025-01-28T02:05:45.000Z,,Dev Druid,0,0,-0.13333333333333333,False,-0.13333333333333333,"Anyone active? Drop $Sol address 

(Must be follow)"
sol,So11111111111111111111111111111111111111112,2025-01-28T02:05:45.000Z,,Dev Druid,0,0,-0.13333333333333333,False,-0.13333333333333333,"Anyone active? Drop $Sol address 

(Must be follow)"
sol,So11111111111111111111111111111111111111112,2025-01-28T02:05:32.000Z,,Emily Miner,0,0,0.35,True,0.7,"Get free trading alerts daily on Telegram—don’t miss a trade!

http://crypto-signals.life

$SOL $TRB $XAI $SEI $SUI $WIF $GAS $TIA $BTC $WIF $MEME $RNDR $JTO $BONK $APE $MYRO $MAGIC $FET $MANA $PYTH $METIS $MEMEAI $ZKF $HON $MAGIC"
sol,So11111111111111111111111111111111111111112,2025-01-28T02:05:31.000Z,,Tyler Gibbs,0,0,0.0,False,0.0,"Such a generous giveaway, count me in for $SOL airdrop!"
sol,So11111111111111111111111111111111111111112,2025-01-28T02:05:29.000Z,,Paws Update,0,0,0.3125,False,0.3125," $PAWS Pre-Market Celebration #Giveaway For The Community 

We’re giving away $85,000 In $PAWS to the first 8,500 people

 Like  Retweet
 Join:- https://t.me/TradingCampTed

Share your $SOL wallet below 

Rewards will be in your wallet in 12 hours!  $PAWS"
sol,So11111111111111111111111111111111111111112,2025-01-28T02:05:25.000Z,,CryptoDeus,0,0,0.7,False,0.7,"APE A BAG $BHAD on $sol

MOVINMG WELL, ARTIST Bhad Bhabie LAUNCHED HIS OFFICIAL COIN, GOOD VOLUME, LET'S SEE

https://t.me/BHADBABYSOL

 https://dexscreener.com/solana/3e6bnzwnfom5mzybxzczdw9kkraceotkvt3ymqhrbgkz…"
sol,So11111111111111111111111111111111111111112,2025-01-28T02:05:25.000Z,,Zomb,0,0,0.0,True,0.0,"I promise its $Zomb . 

$sol $crypto $meme #memecoin100x #memecoin"
sol,So11111111111111111111111111111111111111112,2025-01-28T02:05:21.000Z,,SmallBoiTv,0,0,0.2583333333333333,False,0.2583333333333333,"How much $SOL do you hold

Less then 5 
More then 10 
More then 20 

Comment one of the emoji"
sol,So11111111111111111111111111111111111111112,2025-01-28T02:05:12.000Z,,Victor Sein,0,0,0.022222222222222223,True,0.044444444444444446,"My crypto portfolio includes:-
(1) $ETH
(2) $XRP
(3) $SOL
(4) $Link
(5) $AVAX
(6) $TRUMP

More of a mid & long-term investor rather than chasing all the hype.$TRUMP is my first and only meme i bought recently since I kinda attracted to its current price. I am ready for the future"
sol,So11111111111111111111111111111111111111112,2025-01-28T02:05:02.000Z,,Market Prophit,0,0,0.2916666666666667,False,0.2916666666666667,"Top 3 Bearish Sentiment Cryptos: CROWD

  $MYRIA $KARRAT $BEAM

Top 3 Bearish Cryptos: MP | #SmartMoney

  $ONIT $SOL $TSLA
    
Check out sentiment and other crypto stats at http://marketprophit.com"
sol,So11111111111111111111111111111111111111112,2025-01-28T02:05:00.000Z,,MICROL,0,0,0.0,False,0.0,"$MICRO is coming to Solana!

Revolutionizing the Al future starts with $MICRO.

RT + Drop your $SOL for 200,000 $MICRO 

Turn on notifications & Join our telegram (link in bio) for a further 200,000 $MICRO"
sol,So11111111111111111111111111111111111111112,2025-01-28T02:04:54.000Z,,shram ram jam,0,0,0.6,True,1.2,"Another 300% boost on $BTC this week!

http://crypto-signals.life

$BTC $ETH $SOL $SUI $ETC $ARB $OP $ENS $PEOPLE $XRP $DOGE $ADA $MATIC $INSP $SEI $MEME $XAI $TET $PEPE $BONK $NEON $FTT $BLUR $HNT $TIA $LTC $APT $IMX $XMR $trx"
sol,So11111111111111111111111111111111111111112,2025-01-28T02:04:44.000Z,,Enri,0,0,0.11428571428571428,False,0.11428571428571428,$SOL I decided my next move on Sol to hedge the long position I have on SOL wallets. A pullback at 246-252 area would be the point where I will short more perps to hedge SOL long on web3 wallets. Right now I'm 50% hedged. #solana #crypto
sol,So11111111111111111111111111111111111111112,2025-01-28T02:04:34.000Z,,JT,0,0,0.033333333333333326,False,0.033333333333333326,"i sure as shit could round trip, but still up since I was buying over a year ago, and rode the $sol rip from $15"
sol,So11111111111111111111111111111111111111112,2025-01-28T02:04:00.000Z,,Trading GPro,0,0,0.3541666666666667,False,0.3541666666666667,"It's Dazzling! Just bagged a wild  191 % on $SPX ! The squad’s eating , no cap . Don’t sleep , next move’s gonna be fire !  - https://discord.gg/pwUxwD6q6K - Let's go! $RUNE $TRUMP $BTC $MNT $XRP $DOGE $USDC $SOL $ETH $LTC"
sol,So11111111111111111111111111111111111111112,2025-01-28T02:03:40.000Z,,MemePumps,0,0,0.05833333333333333,False,0.05833333333333333," $SAFEMOON / $SOL Chart Update 

 Price Action:
SAFEMOON takes a dive, dropping -10.71% to 0.003160. A consistent downtrend with no signs of recovery yet.

 Key Levels:

Support: Minimal activity near 0.003, the last defense for bulls. "
sol,So11111111111111111111111111111111111111112,2025-01-28T02:04:54.000Z,,shram ram jam,0,0,0.6,True,1.2,"Another 300% boost on $BTC this week!

http://crypto-signals.life

$BTC $ETH $SOL $SUI $ETC $ARB $OP $ENS $PEOPLE $XRP $DOGE $ADA $MATIC $INSP $SEI $MEME $XAI $TET $PEPE $BONK $NEON $FTT $BLUR $HNT $TIA $LTC $APT $IMX $XMR $trx"
sol,So11111111111111111111111111111111111111112,2025-01-28T02:04:44.000Z,,Enri,0,0,0.11428571428571428,False,0.11428571428571428,$SOL I decided my next move on Sol to hedge the long position I have on SOL wallets. A pullback at 246-252 area would be the point where I will short more perps to hedge SOL long on web3 wallets. Right now I'm 50% hedged. #solana #crypto
sol,So11111111111111111111111111111111111111112,2025-01-28T02:04:34.000Z,,JT,0,0,0.033333333333333326,False,0.033333333333333326,"i sure as shit could round trip, but still up since I was buying over a year ago, and rode the $sol rip from $15"
sol,So11111111111111111111111111111111111111112,2025-01-28T02:04:00.000Z,,Trading GPro,0,0,0.3541666666666667,False,0.3541666666666667,"It's Dazzling! Just bagged a wild  191 % on $SPX ! The squad’s eating , no cap . Don’t sleep , next move’s gonna be fire !  - https://discord.gg/pwUxwD6q6K - Let's go! $RUNE $TRUMP $BTC $MNT $XRP $DOGE $USDC $SOL $ETH $LTC"
sol,So11111111111111111111111111111111111111112,2025-01-28T02:03:40.000Z,,MemePumps,0,0,0.05833333333333333,False,0.05833333333333333," $SAFEMOON / $SOL Chart Update 

 Price Action:
SAFEMOON takes a dive, dropping -10.71% to 0.003160. A consistent downtrend with no signs of recovery yet.

 Key Levels:

Support: Minimal activity near 0.003, the last defense for bulls. "
sol,So11111111111111111111111111111111111111112,2025-01-28T02:03:37.000Z,,gudtech,0,0,0.13333333333333333,False,0.13333333333333333,"$SOL showing strong market cap and liquidity.  
volume indicates rising investor interest.  
price action looking solid in current environment."
sol,So11111111111111111111111111111111111111112,2025-01-28T02:03:29.000Z,,Lauren Peterson,0,0,0.125,False,0.125," Warning:
Steer clear of this platform—they scam 90% of their users!
Send us a direct message for help in recovering your stolen or frozen funds from this scam.
#Hacked #BitcoinRecovery #ksock #CryptoRecovery #Scammers #Eedly #USDT #Solana $ETH $SOL
Got scammed? DM us now!"
sol,So11111111111111111111111111111111111111112,2025-01-28T02:03:27.000Z,,CLONE mavi $GOD Reddio KGeN |Voltix.ai,0,0,0.42857142857142855,False,0.42857142857142855,"Sure, I’ll drop my $SOL address right after I finish training my AI to predict!  #PublicAI"
sol,So11111111111111111111111111111111111111112,2025-01-28T02:03:21.000Z,,Crypto & Travel,0,0,0.175,True,0.35,"Aping to this one on $SOL SOLANA  $DEEPSUCK  

CA - 9Tn2ALJDD97mYJA5kDCCr9QafiUHHA4k394eUQsHpump

Funny af with this Chinese ai narrative haha NFA invest what you willing to lose "
sol,So11111111111111111111111111111111111111112,2025-01-28T02:03:16.000Z,,skinky,0,0,0.0,True,0.0,$SOL memes gonna run it back turbo speed
sol,So11111111111111111111111111111111111111112,2025-01-28T02:03:13.000Z,,𝓜𝓪𝓱𝓲 𝓑𝓮𝓬𝓴𝓼,0,0,0.1,False,0.1,"Let me see if there any actual helping hand in crypto space. Need some cents $SOL to swap
Fast please 
A3H9zCDAmUeRXrZ47a5tMx8wnLDVryHtLfJeMFmXt2RD"
sol,So11111111111111111111111111111111111111112,2025-01-28T02:03:00.000Z,,Trading GPro,0,0,0.78125,True,1.5625,Booyah! Our junior trader just secured a   4 2 1 0.39 % gain on $BTC ! Start your journey today with a 14 -DAY FREE trial and access premium analyst signals ! !  - https://discord.gg/pwUxwD6q6K - Join us! $PEPE $SUI $ONDO $XRP $SOL $ETH $BTC $USDC $RUNE $TRUMP
sol,So11111111111111111111111111111111111111112,2025-01-28T02:03:00.000Z,,Trading GPro,0,0,0.31625000000000003,True,0.6325000000000001,It Sparked! One of our members made a massive   1  2 0.8 % profit with $VINE ! Want in on the next big win ? Start your 14 -DAY FREE trial now ! !  - https://discord.gg/pwUxwD6q6K - Be part! $TRUMP $MNT $USDC $SOL $PEPE $ETH $DOGE $LTC $XRP $BTC
sol,So11111111111111111111111111111111111111112,2025-01-28T02:02:42.000Z,,Teni memes,0,0,-0.8,True,-1.6,"DM me for this #Memecoin 
$mog $wif $pepe $bonk $giga $kas $btc $eth $sol $base $doge $turbo $brett #krc20 #meme #memecoin #KRC20 $SOL $SUI #sol #meme $pnut #PNUT 
@LuciferCallx909
@LEARNOFFRIP
 @kingpinsol3
@philipo322
 @Deezsol
@XoloDojo
 @DOGE_ARMY_XRPL
@iSinxity
 #XRPL #base"
sol,So11111111111111111111111111111111111111112,2025-01-28T02:02:40.000Z,,Lauren Peterson,0,0,0.0,False,0.0,"Warning about the platform #Tradevelo – it’s a scam that demands withdrawal fees without returning invested funds. If you’re in this situation, send a message for recovery assistance.
#kumip #crypto $BTC #USDT $Sol #paobc $Neiro #GranHermanoCHV #solana #Bitcoin 

#QMBIT"
sol,So11111111111111111111111111111111111111112,2025-01-28T02:02:35.000Z,,CLONE mavi $GOD Reddio KGeN |Voltix.ai,0,0,0.15625,True,0.3125,"CLAIM 1,000,000 $PEPE? I’d drop my $SOL wallet, but I’m too busy training my AI to fetch me snacks!  Let’s democratize those chips! #PublicAI"
sol,So11111111111111111111111111111111111111112,2025-01-28T02:02:23.000Z,,Piv○t,0,0,0.0,False,0.0,"Perps capping price

$SOL"
sol,So11111111111111111111111111111111111111112,2025-01-28T02:02:22.000Z,,"SnowFox (✸,✸)",0,0,0.0,False,0.0,"If I had a nickel for every time I heard that, I'd have... well, 0.05 $SOL!  But hey, with #PublicAI, I can train AI and earn too! Win-win!"
sol,So11111111111111111111111111111111111111112,2025-01-28T02:02:18.000Z,,Bojankins,0,0,0.30000000000000004,False,0.30000000000000004,How much $SOL did you secure today?
sol,So11111111111111111111111111111111111111112,2025-01-28T02:02:07.000Z,,PackwoodsWilly,0,0,0.55,False,0.55,"To all the whales out there
Accumulate $DeepGuy Now It's cheap asf

If you hold now even just 1% it could send this coin to the moon and provide stability to the coins ecosystem

CA: 7EgBdsmkJYYSJVntxUiVtZWNRMe4pCnKRe6Rz1q8pump 

Trade wisely #Whales #Whalemoon #crypto $SOL"
sol,So11111111111111111111111111111111111111112,2025-01-28T02:01:58.000Z,,Hermes Trismegistus 𝕏,0,0,0.21666666666666667,True,0.43333333333333335,"I just bought my first car at 15 thanks to $FORT. You a real one 
@orangie
 

$XRP $XLM $BTC $PBTC $PEPE $BONK $PORK $ANDY $CHKN $FARTCOIN  $BTC $ETH $SOL $LINK $TRUMP $BARRON $GALA $KAS $LINK $TRX $AVAX $SUI $HBAR $BCH $HYPE $UNI $CRO $OP NFA DYOR"
sol,So11111111111111111111111111111111111111112,2025-01-28T02:01:49.000Z,,randomartz,0,0,0.3,True,0.6,"Why are most Solana #memecoins going to the gutter?  

Supply and Demand.

There’s too much supply (projects) on Solana, and capital rotation within $SOL is real. No one is HODLing.  

This may pave the way for the return of #utility tokens.

#Solanaistrash not the coin"
sol,So11111111111111111111111111111111111111112,2025-01-28T02:01:49.000Z,,Ho Lee Puk,0,0,0.0,False,0.0,Day 2 of $1 to $100 $SOL
sol,So11111111111111111111111111111111111111112,2025-01-28T02:01:48.000Z,,UTAH_KRYPTO,0,0,0.16666666666666666,False,0.16666666666666666," On $TitanX, every day is an opportunity! With our multi-chain functionality, enjoy seamless transactions across different blockchains. $TitanX is your gateway to a limitless crypto world! #MultiChain #TitanXAdvantage $EGLD $LINK #100X $SOL $XLM"
sol,So11111111111111111111111111111111111111112,2025-01-28T02:01:23.000Z,,gnarleyquinn,0,0,0.15,False,0.15,"With the continued success of Nirvana, it is now the second biggest alt in my port. 
$JUP $ANA $BONK $CLOUD

( $BTC and $SOL excluded )"
sol,So11111111111111111111111111111111111111112,2025-01-28T02:01:08.000Z,,Mr. Disco,0,0,0.6,False,0.6,"All things considered, the price is nice.  $JFK files imminent 

$JFK ON $SOL
EzRasdye3wnQ5ZGzLFhvp2L1TT42k3Qa3jFsoUibWh39"
sol,So11111111111111111111111111111111111111112,2025-01-28T02:01:06.000Z,,MICROL,0,0,0.25,False,0.25,"How to obtain $MICRO Airdrop POST Launch

 Follow, Like & RT 

 Drop $SOL address

 Finished!

First 1,000 Will receive up to 10,000 $MICRO"
sol,So11111111111111111111111111111111111111112,2025-01-28T02:00:42.000Z,,PunkPirate (Bronze Age mindset),0,0,1.0,False,1.0,I guess my being up 1200% on $SOL doesn’t count… good news!!!! 
sol,So11111111111111111111111111111111111111112,2025-01-28T02:00:40.000Z,,Piv○t,0,0,-0.2,False,-0.2,"Look at order book depth

Losing interest.. 

Turning sell heavy after just going mute

$SOL"
sol,So11111111111111111111111111111111111111112,2025-01-28T02:00:27.000Z,,Dr.Degen,0,0,0.29166666666666663,False,0.29166666666666663,"I'm just gonna leave this here. 
$Garlic goes higher. 
Impatience = lost money.
Fortune favors the bold.

H1sWyyDceAPpGmMUxVBCHcR2LrCjz933pUyjWSLpump

Yes, every oz of $SOL I have is in this project."
sol,So11111111111111111111111111111111111111112,2025-01-28T02:00:12.000Z,,Glotoshi,0,0,-0.25,False,-0.25,5. $SOL is  in the past 24h
sol,So11111111111111111111111111111111111111112,2025-01-28T02:00:07.000Z,,Pump Insighter - $PINS,0,0,-0.07916666666666666,True,-0.15833333333333333," Level up your trading game with AI insights on meme coins. Discover hidden gem tokens ready to pop! 

Don’t miss the next rocket 
https://pumpinsighter.com

#DeFAI #Solana #Bitcoin
$PINS $ANON $BTC $ETH $SOL"
sol,So11111111111111111111111111111111111111112,2025-01-28T02:00:05.000Z,,cryptosUSD,0,0,0.0,False,0.0," Prices update in $USD || Last 1 hour

• $BTC : 101.34K (-0.47 %)
• $ETH : 3.17K (-0.05 %)
• $BNB : 677.99 (-0.06 %)
• $SOL : 234.26 (-0.58 %)"
sol,So11111111111111111111111111111111111111112,2025-01-28T02:00:01.000Z,,Lento.eth,0,0,0.41666666666666663,False,0.41666666666666663,"$SOL Giveaway to 5 LUCKY follower   

•  RT & Drop your SOL address here  

• Like, RT & Drop your $SOL address on my latest retweet 

Ends in 2 hours"
sol,So11111111111111111111111111111111111111112,2025-01-28T02:00:00.000Z,,FIRE,0,0,0.0,False,0.0,"$FIRE Airdrop open 

Drop your Solana $SOL address below, Follow, Like & RT 

Every wallet gets 100,000 $FIRE

Check your wallet in 24 hours ! "
sol,So11111111111111111111111111111111111111112,2025-01-28T01:59:40.000Z,,MayaMae,0,0,0.0,False,0.0,"$200 $Sol to $1.2m $Sol 
Only possible on $Solana 
Hit like if you believe you can also do it"
sol,So11111111111111111111111111111111111111112,2025-01-28T01:59:32.000Z,,KIMLOI GLOBAL,0,0,0.125,True,0.25,"SOMETHING BIG IS COMING ON SOLANA IN Febuary 15th, 2025

 18 Days From Now 

$KIMLOI  is a decentralized meme coin built on #Solana 

First 4,500 Address 15,000,000 $KIMLOI

Drop your Solana $SOL address below &"
