MintAddress,Symbol
11111111111111111111111111111111,$AgentLina
17x5EkqGa6QeQFLMWFqKKei69JK6smA8sykD92Spump,$Arctic
21B2cGKanQAx3t46kgC82TMkETEs1s6gYsyR3wkghaDs,$DOGHENKO
2AjqifTVQXu5DhGagoG7XmDR3K8ZzsGWqVzAnBeFpump,$T.M.T
2Et2mvMinSftDZDiSifCVkcnBr8XFYTB37tTo18qpump,$Trumiō
2GxiacdcDTNNReV96ttcrgRecDxZMz9uhE66iVL5pump,0.5x
2JpAxuMhZBAtr2YoyYcg4ZXrrH3ammC8gnydGEGspump,101
2NTUP37ZrvQ1sZMf61UiYE6x36YmbZLQ3ETvyYm8pump,12349
2PCrQcYfHSVUQPp7M8KwZXTG2UnvgVEePsWD9cArpump,1kb
2TuWNUChrT6T1XUaHXnzfFhTD5cTx6oX1ppA7K9npump,1索拉纳
2WA3Ey6xuMSxwPfv6R5AV6JmPHiXsj7DhUmoeQQQpump,30MILLI
2gWdqiQTK7rwPa97dbE2Un9Y37nTfS9SnPzNPNP7pump,51STATE
2pnHGSzqj1kPov7Hw5kTyX3uzASwzLsuFdEDrY6Hpump,69M
2v4GMANVC8eNXqZbejKfik5JVkt3ikJATZoYMDNXpump,AC
2y2AMwHY8AxGXvtdrMFMZT5m5JszcYvJz215o4aXpump,AGENTRY
35BdNuxHYcAe86iZWtLWrA2hDpQVLENJ2PpMVeSxpump,ANGEL
35g27oWT14KnNUUt9Qg1y8GutWn2gdyFXguCUw1xpump,ARGENTINA
37kT4Q513utK9MNC2Es1m4HRsxrtC4Gv73igbVdBpump,ATARI
3D39Mbwiqp7vmqMHxSmgb5o4p3gushuZR2upTVhDpump,AUTISTLIVE
3SUf54c92iF1o1nYMentWhN96SvTt5bXkFUx8G6Ypump,Alaska
3T2NKznypQUppqPyzHwrkR7C6ZDorxHPGAZX5Tdmpump,Autistic
3WMaC58B7efivzcQDr7voB2jj8eJhYFPP2Uz6ofqpump,BADOX
3YDJ5wbDSwYdfMYifgxtZ2ue43z9zkMAsknYuHtipump,BALDY
3eJvYJTi5vtXMa3mRtz7o5jGpvpEqQQSAvp1JX65pump,BBL
3fzRXq3dq5Q7Jc9AUHAR4wHiFz28m3WShtn1oFxBpump,BC
3kKKcXjJaS1cyzUuC4Emq5oHCLaLuJxrcdyEwioApump,BCAT
3myAMvSX3BPSMc2J9uzj1CPxGin3X8gNhe8KV5yqpump,BEAST
3nVsz7vdAtrT55Z6BujBQ5s8Q3f8ne59AbC9ZQShpump,BEEP
3pNfZpA8jvnXp9AqtFjNnfNGL6cPvmLqV5FRf81Spump,BELLA
3xs1Yog1B2HBXZBKwmPKF3U2yqZ4BbLwArVK17HPpump,BENJI
44Gt3dJjinzgtUeXGzEsVDRe7dKmPrAhYt2heGRppump,BFF500
4Bmt2uoowgoXX7FAcU73qrZojuNa3XR1efaxkm8ipump,BILLYS
4EhaJpmKqMDQbaNPn372EPZNc7efBdaUGDaNjTe4pump,BIS
4GLqCW7FqX9WyckzeUQbgWw2AZS9MEXt3uGG3oW2pump,BRYANT
4QCPwsU7GzcwxM6cPq5G2RreBdRx9dTUb5syEJFPpump,BTCT
4TZcSSPRnHE2ihbWK52WWQN9V7XvsXxthhJTgwCqpump,BURN
4YJY9RyD4JVCSe4y4htN2oeapKCVgA158REjfZtkpump,Baby Fart
4eUpfFC8nQpBWHtgJJR1PauhSs7zY7CNGV9KZBPupump,BillNye
4gNyMd6GU1AdNVrv3gR3EYjGLVtTPn7kqSqG2qt4pump,Bowell
4hhehjWCsY9gawuy2amiWHcvdKg78eAuxqRcawzYpump,Brah
4hqnMLXxZ6Tk5QH6YSU5FprZWpLDkk7CR5rJcTfcpump,Buffalo
4mFE5xJGmGjAG7G3HMggq25n5CmZwL8R68J2EdRHpump,CASH
4oxc8YXmKfq6x9592uE8uhvxeVpgExLUZbuYKexopump,CATAI
4pFdqma8pNsrUqg82diMtXFsj3Hkg3ZNmndbrdv7mHSn,CATSTANBUL
4q9tk9titB7mjTq4fhFtpHuXd4Ya3CX12A2Ezws1qmG5,CBB
4sV3QN3CskosJob7qPSjes8hgvYV3B3C5bHUqFcspump,CBDC
4suyejZXiGGHzhzTGRLWAQQFDwTD2V4w7k5MMkcipump,CCC
4vB8Y1aKt1rbtCLbwynUnjsesUMovXjirazy7Jcgpump,CFL
4wUjboB4uhrGw2ycPNFyDxgvrTBHYKUm6jBmerYSpump,CHC
4x7Nnu5FhpdCiaqM7Asn962S56rhTnUrbqAFynQxpump,CINFS
526d8UxmsTQJKN9bbsZsjaYShzRMnPBPQuniBnC1K3Ao,CKCOIN
52a5mAgfeCJvTutxdYFLgvcu6ZDKF5dxZPscfSd3pump,CMOON
54PS4YmAq3PiTL3UmYX3YUNuvJu1eiuMpTAwpUF3pump,CONDOM
56cs3W9LJfPp1pLnKCt4S76PL5yqMpF2ziKbX41kpump,CRAP
57fWQY6uSFs7BLXP5f8tShikhi48KEy5KCdYVq7HiZZV,CUBE
5CMQDA2sguRK4umK4scX8sZyzUbbRorodFwCuPPKp4zg,Casanova
5Ce77uJzZ6eSvR8fUs8FDm3cDoXRWNKvHD4Hp6bxpump,Catstanbul
5FfQu7X5wuhd3AFZDoSVowHWSpz2QfXN1ub3f72Epump,Charlie
5NMUD38QGMeZdhkVuqXtqJ97e5pitBCurWUtHyRMnYX6,Chinawif
5Q4R5cJ6sDqNE8A3fTXgDWqnd2qXQotptGAnMXF1pump,Contra
5QHSDZBoWjdgMNTGgcThcC679PwjTRPdhU21S5DDpump,Cube
5Qhn66qz9J4x1TJLCzEMJg26WiNRnHzWZnKKsLtvPviz,DAVID
5S2SDTaWC92WXhsVaJt3ND5rgJZyRv7tMLVN9gadpump,DE
5TwCDupqWdPPuF6N9rB2UNS5tKu8WUwfBUxs8fPepump,DIS
5VRrteXJAaDdJN8ZFBSSKfjAKptxYA5dXnrwR2Ujpump,DLMW
5WM3G9qTsPiAfk48mZg5WrrV2paasVUCGGyFmPS4pump,DNE
5XYoBTqLtmvB7R8n4AnseawipjHmS87U4paBNwhnpump,DOODLE
5YFi52pSJAj9Ub7Qbw9FZ58EUbNkPCgDPE1SCFADpump,DORA
5pLM3RnTs5dPtH5hC6yekt7iTLGaX2HafZbXsXRNpump,DTrump
5qvzZycSdBnS611jiN8qMTSbN1QouKZwU19SpMEhRSCo,Daofiai
65w9oj5cC2CUfDpR2uiv2TCPsgi2KAEiRxSWzvkWpump,DeepSeek
6As8UPHjWi6Fwj5WqUi6DxJmA6GCskwD2NbPpDoapump,Deport
6BSaYdZTCz1X1NqLStCVNSpLz2cPXgaPYhnnu78dpump,Dog
6F8MPSWqF1ejTCg612bDRCFJtSH2E1W9LVxKDVPWMreT,Dogshit
6GwGec6r2wrLEj9pbjF1AugRe6wVWh184wHu8NhWLqaJ,Don't Fud
6JGjXcnxH9MHT17Wsik94Nj6NPxMmsfEu89z4MHQpump,DtMF
6Nj8ZKbSfK4sxTxtfYhD3i2DK2ZDxudFAeHM5Hwcpump,Duki
6P7PfgoKFtu25Fj3gLMSfNUiHw718Smby4YBsmPgpump,Dumb
6TQyggnXyLtesY6xTUUUTpSfeBpA8KZB4t9UMVBopump,EAGLE
6TcHugxzb5dCwQ9KvFAxdwnc3ampT6JQJ1eRKPQkpump,EC
6U85AyNS58nrkQtCxJxDaitBe6hDCaW6JERKoYWvpump,EDDY
6UJ5qx1F6bka9c6G3GLWfMpvcDK6DFn6TKEgh2BRpump,EIDO
6V5yvSoMEWcggDoDmVNf2Jrip4bXcYer41fSBTYzpump,ELONMEME
6VWtZLALZNihUTKNcTKsPbg8Lqn4qa9saBqsutXFpump,ELONVINE
6eBWdh1uGNWbvVeSq6eGDWCf9CYbBztUkiBYL3ixpump,ESFART
6i1H3hcYMMXtRxbfP63wD1WGzRtgMfvxxpQ3vKepQJz6,EarCoin
6nmPtzWyz4UCNx284FVaNymmt2bRDNDM6vFJHUam73K6,Erynox
6oYZFm9Vrnqi8oPRdbyDAuqCkuBUc99h2N3bXJgJTW3D,FARM
6prFF4KDwTNHWhorPjqkRE2iXLzeUFRZ3cMz9jXjpump,FARMBY
6rnUFW5GF2xVFzUMENxtAJgdby8hHXqFPcgW8W3Cpump,FARTBUNNY
6udnByvb4w5CdoKZpu2dg111wfCafbjRAdHj3ud49gXw,FARTGMA
6xnSn7CZaj2LgqA9G3S2r1kdak7vAMd55NRvtHyjpump,FARTJORDAN
6yTeJcjoPAfQiYRNd89RaftfShbuuXkYZsgd1Gggpump,FARTKID
714vyNcZmEXw5m9YpHcuor1komFoUBSM4u9CnDt4pump,FARTMEX
73XZrQ72kL4W7kBdKuR7U66Ntm9BZDhdJQgjZYaepump,FARTOWER
75Lyv2UhnwYXRbxDXisJKPvmvrK44zoAVKF9P1LTpump,FEATURIZE
76jksGzApVha8Eh3bhrtDJCoTVgC3xSAFhia2KYpump,FIRSTTWEET
79ep39BFrrNjWAPWSfeL1iwLt3dMaZ5PGYEt21arpump,FLman
7CGhSSF2gxqT8iCaM3H7qGneN1QXup38GtYieTE3pump,FOC
7CZgaU3ikaFavZxSpCUvsWKdxoQQeGMvfpauPTkLpump,FOMC
7NVxpmFq4MrHahpYXEiGeuE12gngQbvS6rapWehKpump,FOMC500
7TPJkUVoqadF2o9n9D21VLNhByaBqdYWYnFSGRwNpump,FROG
7UAAWCHXxkvmsTa1gcWBZGbAkcLSBCGxQRetxAj4pump,FUNZ
7Yrm6b7LuCFWU9FnvfuGVG71UVCYLJXz5TircBipump,Falo
7ZaUXGPjWLz2LqMzkK4ekwwuoXixFDAKiwy6vcyPpump,FartHero
7ewwYHqqRC8LRtWLy2uDbKDo8RwPsButPm1hWiLJpump,FartQueen
7ioHnHLhM4L3z2hnT7z76gDzVKts567RgYpcdjcpump,Flapi
7koLd3r3woN8JzL7qVaQJ3NRZ2g9CCCpmxtiXcnpump,FoL
7oTQisvXBfioGyQtm1QEnjsYPFo2KbQfRJ2fUKFZpump,GAIA
7qUskBHXeBMYWepNF72eH4d1ZpwEHwSbFm3oC58Npump,GATO
7yswPD1c7v2WUhj9P9oAU84Vo9RdaVSHCkYbv7pYT8oe,GFM
81hwzBgWSk2jDThkK1CUa1W3uAKyaq1tZBm93sHmpump,GHOST
86ETmFbnWwGDgmDhCPrVyN9LFzxdS54Wqkv1SGyzDR7X,GMGN
86PkB6Hjp3nxAXEmKSe9ukuvXNkKWQkkHm3xDiXvpump,GOADOG
88ULJR9jtmtYmV6wyNowGVeqZnub8pktbWWAyqTApump,GOLDBEAVER
8DGgXMthF7kaHpLFTdJcNQ9CP9tCj5iHYmdfXu4Spump,George
8HxjWwXfZP34FAf4egkutJRvbX9frW1ZHxMXTbFwpump,HALO
8QeKDDUgNDB6WncfmBqLyLsznFaGEY1pEBx6YEXtoRCy,HDX
8THuu2rgnSBuw7CGVYgCUeb4UszvMcnrvMiFSf6pump,HEMER
8U1ZmaJxNNMYPYMYq4kfKfM5uXJg3RuNrP2U2XYjpump,IAOS
8Vpb45w6TAvHWJJtdZwdJudkhR7Z1cv45rRSpWfvpump,Idiot
8WiwmPDBWLqdT7efecZs1511m28hq1NxdYNo2Kq6pump,JCAT
8YcQ4TRGwC1TRrCd23cNAKysWrrC4n8VoJt266qCpump,JENNIFER
8axLv8TPJaphowbYuQ5hcfp3ERTg89RLFV9rYCoQpump,JEWSA
8m5WqM7vG7k9nKyaie6E4yT3ztfr8hjnxWCQ1LuPpump,JPEGS
8n9Y4CGhaZdyi7mzBbdAGEn4hjFVXz74M49SGR2Spump,KMS
8oAwuDqAzwajqVb1rArqsihMJSzBEquDB45HDZt4WREi,KOL
8oWhcPW1kfds9ygLexhyp4yXGLjcyrV7yXhkHKtDpump,Kate
8pbcncFt7Zp2QX5zm5T76Rx1v2RZH4gHnqwBLdjZpump,Kimi AI
91N6wdJZdx9b6L1WPZ7UZubMcAv6jUcGgH2HHmkupump,Kreuger
93vJ42JCXefJyvmigmfBra5Fd7q21sXaZV1C1hJEpump,Krueger
94wYQhdGoUAWmf4iRWDcJ59rZ2jfMETA5cyM2dgSpump,LAWZ1337
98H8YpAypRppnGv8uWXRAFWLGytnTJi8u62TGWfQpump,LEO
9J9EvEYGhqbQ9n1gnWMEXUw79DtkEGGqdjn7EjXrpump,LEXI
9LU3VQjN4m3pKhBuM9mNbccGYdnN3yP6HWyMpa8Vpump,LFG
9MJbUoLUd12X9DxixZvubxo4WHsjfQbVkwchJHSUpump,LING
9ajthkNAGCminSmvaAyYD5RH9jFAjETPFbcLibaRpump,LUMA
9bcGBbmT49BVz7oJCqtcpAzXjaQ1k2TjGdnHFBNBpump,MAGIC
9e3iS1CPLWDc35NbssRxo88n8VjZgWQMvbBM1SzVpump,MAXCHAD
9e91vJ1QFRPU1xi1g3PU442XCdw7AwkVUbBQAZnmpump,MCAP
9fQS9bLt2kP5zHKQ4cAV1nKTrnKYYDkqA69JgHbrpump,MCSTEVE
9jB1jCWa6WR9afA9GDFN1JPW3qbTtcMsJn5kkKdtpump,MEMETIX
9k1KuTCRGLfzTEiTTPTiVjWhJ4GAVaToJVygvf5pump,MINT
9ns1RqVrVArwN2sV7GXcHL6AsRcCiYeCw2mencWUpump,MOLLY
9q7BkACdzss4tBMkuh71xdX5Ecp9d8gYLwc2pxc8pump,MTV
9qefSR678L1JUJdCUpW3wtZjFyhmbBALxHbuTWxwpump,MUTRUMP
9rHThA3X45JT1LKWHJppYBComfQigJgsh6KySMvfpump,MYST
9tkUKLy2AJtUDuqCYHugVP6BJmeFbMf4efhAWVPcpump,Macaroni
9uwpNS8RDws9RPJ6trM7XwVp5PMH62j8RVK3kk5nCnn9,Man
9uzwroV5kRryXcKqUX6QTsj189174QTagAd3fbtvpump,Miku
9x1QS5Cs1j3q8KYdyNba8irjzMJXehqRX8ZkNMbcpump,Milo
A8kyvknsGEEhoi7XZjLjEwiSJckFXgLD3DpeuLjRpump,NAMO
AKRFmNWRV7cGCi8GrfAZJEPSzCk95pdGXHnfX2sFpump,NFA
ANJsNyBkSCNBBvyN3BUtsQjct52qvvVuSVxthrLxpump,NIGGA
APU3w2kNUEpPBG4BBXKE5T7Dy3BjDXe1BnvpZewNpump,NVITIA
ASs7spTfnQtb3CseQju3vh8ZGwjaENDvjbzBJN24pump,Nico
AXXiLTwY7fBBdkxbaBqezZwNGJ2mp3LxumRqY6qJpump,OFB
AYWPXzARcM8e3AQxRwujhPT41vmNtdbp8aekNTVSqKTQ,OMEN
Aaw5v6szvohF2uFxg4EriKzkR457KGHf4pfCe7YChddL,ONYX
AbnfA6AdGhtvYvxihbVFD9PiMuigkhbHpzon6RtRpump,ORANGIE
AdQT9Qv2WsfaX45JDTFQhCDm1tBoWnL91RbKpfBhpump,Ori
AeJmgLMiqmbQN5oBANdhm5dtGPgr2tdnV6QUKkmZpump,PACH
AgqyUDjQLSU55v7G9SLDohuntvx8xKRgrXL3Pp7Vpump,PCAST
AncSiWfPBKrzbsiQTQttHPdSDwBTL6rcquuAKYeHpump,PINEYE
AsrjZf3YYFK72wzT5J7GVMHfatc67iCawPiA1VTTpump,PLU
AtT5e7HW3ykBLDf7mkJjtNqiQXfnKEeBVSHRDt3ypump,PN
AukQCBa3FpqR3j1VoqBFoCvo4Th5SJa12uNE4bjGpump,POOP
B331i85cMrRCz3exyp7xBQ3gVHNie7EynZWYHEkopump,PSC
BA4fBVt819DVtd49QwmrsBU6gs9oGZD5eFz1if1Hpump,PSYCH0KIDS
BARtd1zvZdEo2ysJELmyTzZWhVfHipxKzXT1c3Mhq5md,PTSB
BDUCpX17ajkpXqWjKpcpgHMZHHAwKmvnzStdpXbJpump,PUTIN
BFQmSrQCTByXh3iVpVbBMPP44LL6hG11rWPuc1cmpump,PewPew
BLbwWzPC6RYYRe4rGZPH2qDgJiLMQCCdVcc6qjr8pump,Pinocchio
BQKD9b4qpFLsDM1Fo5F4PsUYku33CStUQZWMd3K2dJ6W,QU20
BQRo4DERtd1DRNtQ6WCqEY6nAFBKgbZcY9GEALopump,R1
BSiPACyPiBd9234F4RdNC8szM6Lk9kwD1CbGR4EXpump,RING
BTpgcx7sRyQBxhVKgaBczh1P48Cei3W1MDjC4Rgbpump,RSI
BTv8dm9PzAxwfKb9mPLtZq4hzMjpTM7Y1HFS5nRmpump,RUNT
BTydnis4e2y32w6djUi8Mx4d6DnKDrrsEX96NyZpump,RUS
BUNZbty9WZzo8hVk3tbV2ooB76Fmd3enADdZbVgepump,RVGIA
BVFENmizZakp8rTb47dtkWbPUBmHjXXqZQ5FkxsMpump,Retailcoin
BVMqbjEHbHUQE1qVMbrGRbdyymbFJxbmsqyZuJW8pump,Rodolfo
BWFX5LgRiPux4yoYgq49oBKoTWwAvXNicqoBqjiCpump,RookieXBT
BXcpTsDwqnyjc4u7jFSyyEE6W25w4Wu7onvJwzxBpump,Runt
Ba1b8ZW33GNCL7DpSHcr6nJEDTjAPMG6AAE6rXjVpump,SBUX
BarfZS6aCCe2fKwBxrktWt6YNNNu8fdoFjqeK4NjNX3a,SCAM
BerrTjMr96XUxHM2waUmv4S2x1T6t5XHEbNtqTFtpump,SDOW
BgDDPUbLFbf97UshARSxGXYvQaSCzy895H621fQRpump,SFC
BiBX4mgjGxGrhJUjwaUTcNVEkG51n9vRn9VjTcfupump,SHITSTAIN
BqnGaxG6EpEKS87u2H2n5eyZq1zEwmjjPKqZvg2zhGVP,SIGMA
BvU6RrLjCJjsVkJ6zqm2vFYgKrPokn22G1HHKkASpump,SILLY
BvrUJUs2D5DA4bgKBaUSgEqzzXGZwFAefFkoLimHpump,SNAKE
Bw1CjBLkHRygMxRaM3G7DKLzNWbHyTp9BpwcQjNopump,SNOOP
Bw3YxrFqsCtiwnmAWJyCGazKaX8EyNZJTJGXpetupump,SOCAGI
ByL7UpFuvmoxCyCtiPfqPhgf9JYyBqpZVDCexNKDpump,SOL
C5ghnHuQzNnrPSUjYi3o2RUrdt3iC8Ret16PbUyNE3Tj,SPERM
C6HAfYgibhqcFs3yqgq782g2p1UttNkjkW7JoYHDpump,SPINDRA
C7JVJQB8zuQVdg4g5Bg1BtrChBt2RStrDY4dBxA4pump,STERCULIUS
C7nxBwnRDLi8mtJRdGPhmEgpeERisLrkH8z3KRwdpump,STFU
C8h3gvKmE4Jmr27qh6EXdwNQr4j3ZGsEszGmF6qtpump,STK
CAJaf6FUauNWQdukw6ELEqCX8D1XzKu5c6dszYe8pump,STRMP
CAdYBRcXGG6GfmRqb2jJxEJsMcEWYjNbQ8CWFntFpump,SUPERBOWL
CBi2vDP2zW1Kiuu8vtv84cjqmpvYbMvwGacNyYBnpump,SYNTECT
CCarcNvEr74XzuauAAXnbpFibBxahQw7TmaMYyPPpump,Safira
CDCoYwYre7DSSQ16kEnZVsMYyhGNhw5QtGPaLgNDpump,Shafu
CDLcN4PNRyw6rQqxXbVqG2EncR8sx3bAAUPnQs3Dpump,Shit
CETowwYdVxXC43UhxhCpAWoEBA3f2JhqpjNxLvcXpump,Shé
CFDf5rw3MTAcyufovxMF7pUYgxhw4wAf2iVMh1U513Er,SocialFI
CcDLf78M613eDbxqhHdFDkAbhJHfvQ4NGRVG7ZBqpump,Stargate
CiEwbpsqYcecUHfEdvmrNH9JXfpQQDNmGx7zJoEjpump,Strike
CipPhqPUKcMunBVG5Hn3NxPK3XNZ76AioYypY3bUpump,Stupid
CmmtMRwMnRLKpvSDxzSbMzBrTqtbEsj7S46gQbBXpump,THREAD
CovGdffkkMDDhfPgQzMncs6YCG4og5ncbcXb3tEp423D,THREADGUY
CozRRzVYqxWdsvM2PSDe1z8QZHpfsvhrUa83nPBDpump,TIFFANY
D3YxjXHE7oyNgCxNv7pfv99Bz5vnMitzyaFjgKyipump,TPC
D3dBeh7DMN54g2jAshKMkw3i3qcWfVstmWqm71J9pump,TPI
D7PqN5uwChj35TR6GRHeECMSDp9zgs5EACuDZfydpump,TRASH
DF9rQjtkoywEpe7LwzPCsED6QBXnZgwLnwp7tXqtBPh4,TRP47
DGcnD75nb74P5Lw6dTJfk49SCmPECT8EBwXfiHwCpump,TRUMPSCAT
DHK3nCqo6e19A8cp64UrUECCfxCr74xFiGfP5z4Lpump,TUFF
DHxdoJWNhfDjq52ajzWhJZWkwtx5VGdfX6JMqYuAQcAL,TURD
DSyBTG8AKZTLWao8VQtmYNihHTiimu38EVpXS8Fhpump,TWC
DUJTyq5DJnJoZXKUX3TYguakiTeopVC9uLSwLmbBpump,Tokpe
DV1G9goT6ajeLgZnSPLYRoLBtMofXhhBdkcaQcQmpump,USA
DWxqsWddY5fKkhnKTEssDgAFwBXu9w9PWX7Jnm1xpump,VAULT
DZEjTBxJ8QY39iFuZHCT2DpMTjPvAjASmA2zAT3xpump,VBON
Dn2fVGpjVrB7yhUB8XTxmfYiTYcuxZLDcPfzDRCmpump,WHOD
E6USNLggG8fiJFMYEtTZivgfVAJLr8fD5TcwdCX9UUN3,WICKED
E6WdbqNwn1p1zicy5q9H3ZtxSGBKUVN1x97EJvXzV2E6,WIF
E8GmxB7BRJuTRcnYy7bBMxBCAPVWyARvoaKijeDqpump,WIFHATE
EAAnhybsiBCmZmQxWmyyFdCExTkWcskq1gr48DN5pump,WORDLE
EDK6QMJS2NgUP3FGp37DH1yP5D55d34yBLMQwhCHpump,WTS
EDPC6nR4yQNDs2FZrZRxvZx9KFWKbPCmmnNkG9Xkpump,Wind
EETz9LNZLWByo1uT5oyrAuqk2Cy3eMvEf3n4pkEbpump,XO
EGrVfz2uvXhLnbXyW7bQMYtmTK2AjhCT2thsCg7ypump,XRPAWAKENS
ETyDqa5yTturL5iy34VkDt2vZ1jkGv6XSnerFQE9pump,XTC
EZV6T8Pa6R3ajr7yEi7owpjFyVwZ79UuXaTuFahtpump,YN
EdRuEEo36U5jbw9zCGNhsT6rnFSYrPiJm3nq5eB4pump,Yenni
EfK1ZcMFm3fP7xyKL5NcP1wv8LnGMsUZHWSRKFDHpump,ZACH
EiBsCuN74MT8hfVS2hr3rn6jxqKXf2eQCdMVj2ZwnMm9,ZAWG
EiZ4zXJcxDvZii1iqCvHEcLeJyCTtJT6bbEKtsdQpump,ZHOPА
EnP52f7VJeJCd9qKY7ovaoUeeucyHArn6ykuhS2ehhq9,ZHUSU
EsdN4mnWAx7JjqcHvZhpFxgy63h7riZSD6D2XRXipump,ZNC
ExwvY2aTjfePvejaFbsRYomKN3ViPgqBt3FCLauKpump,ZhouKing
Eyetx5MzpkV9k8Lr6N5zSBzbceqPZJ5S28m8LH6QQPWp,ZhouWang
F1aLk6trsBtS5ETaGeCWE9ABtwymnqe19Whxshqupump,anon
F6zxBXcfh7EBPdbwXDkBRpHV3Nk1eRW8TezSUg3opump,bakedran
F8W8SFnxCFByLd4Kf8wUuBP9VLAdQJF6BLUmjc6Tpump,bis
F9tBMxfasa4dqZCEQwYCJ7PWC3tu81PbFopSBzeNpump,brob
FA7qSjMZQu3nFdstTxMBP3Jx9pHCtqfSdTQqa1ripump,bruno
FCvtufzzzVgXktfuRKyk7BQL1UwSnrpTJZLYyinmpump,bun
FD6xLb7UTthxAgMSNAb5BDzMoGMaoedRg2gDCQNFpump,byo
FDdP8QZ7z2CwNBWAGJFBn88AVLxzVkNfsY8SQZu6pump,calf
FSdYAG5BGwrjt81DoVFaJDF2vrkBrfA9tN8GgJkhpump,cmpute
FbF547whUB6pLVnWocQE3hRmzocCkGGhMKfA8q6pump,deep
Fcfit9sR8ouX5J11Y3Lok2QBkJSKSKSmgFsMkk7hxpyk,derp
FfazKDosABnrtS49ywjSrRx8LvmE54mhdv4jnJtRwFSh,fumi
FfmmaEfzeX7PqrQCiw4D3mtvLfnopf5gBLKChwavpump,funxbt
Fh1vyRu8bDnPdpyiuXg9yKzqvJJXJjFCTZSAxB5Spump,gos
FhEULfkfFzpqKEF97KYee8ScG8CyD2uDRJoyFaRRpump,gru
FwGfi5HTWoBmdAnsbpw8qUgujwJEhfBuBHk5eYuApump,holiket
G1Uhu7BXhcRtdvgCaMEjTVfojVHKrsHAzeQqDZvmpump,jitter
G1vzNed3YDKJFFeM3tGat7YBiWaHBVkwRA9gNkFjpump,john
G5dgwZhnASiddDx9KaoSrQGDhepX3nLKpMQYHbJKpump,jon
G5qrpahPxQg1vqsYGqUwbbB5y44VwGcTsSs3KCodpump,lexi
GB4qj1qdHcpkhpyvNfUBsck1U3JrGeQBDsuPdBoKpump,luck
GBQKzG4MNuq9Fb88o26aB1gCUmpe7pmwkHUYqSCMJvCz,meep
GCnajaZHcG33iDjDeTBfLBnWsDdP5AY5nnvk7miDpump,mememe
GDHickdgTAnFKMEz7wvgAehH5eHdJpYvqPSQnwDQpump,ney
GHA65zf12B4HyrRMQwUWeUd8NFDvYjZbvTdirhNNpump,pDOG
GVxzAR9dFW1YkZXD5xdQhwPVVReMhd9xU8akLsgZpump,paypal
Gt5dh5r2wEuw5bknfwoDLXHp4E2tzBTAxd46WVwcpump,sad
H3Jj8Edemx3N5ghyqjToXN3LZzs5XXbWVDKVH5DTpump,sen
H63ACwLLm5ch8XpYawYewGMcJ2LdkSGPv6iF6xrapump,server
H8A27L1LgHHTTEioZ3urmpzrQc2SsQ1bcWAHfpYLpump,snek
H9fBQFuE7tx9jEomSPMK9W1u7SYFBaigMQNXHmTfpump,stupid
HAiZF8xg6vRznCybkLsdU7QmfQJNLAK4pK8QDHSxpump,tom
HDXDXp393X65axMrXhvKDTkEq5rQpYZzTiK4MBC7VD6X,tronch
HQm21amZM2YeLs9GnimVzNiQYWijmarA5zQYgZunpump,uCAT
HU7SLeMTvSGcipUr9GHS1UFh2MyMEz1RC3JxZfiEpump,zetsu
HXFTuV9ANBMp3geQPcHTW4T5eQKfKg34SE91jGQ8pump,☯︎
